time,tavg,tmin,tmax,prcp,snow,wdir,wspd,wpgt,pres,tsun
2000-01-04,8.3,-0.6,17.2,0.0,0.0,295.0,15.8,,1016.7,
2000-01-11,6.6571428571428575,0.9571428571428571,12.157142857142857,3.314285714285714,,227.0,10.014285714285714,,1021.0857142857143,
2000-01-18,6.257142857142857,-0.38571428571428584,12.671428571428573,1.3714285714285714,,321.0,12.757142857142856,,1027.7714285714287,
2000-01-25,-1.2857142857142858,-5.257142857142857,2.385714285714286,0.7285714285714285,15.2,325.0,13.12857142857143,,1019.0285714285714,
2000-02-01,-1.6571428571428573,-5.242857142857143,1.7285714285714284,1.2285714285714284,0.0,80.0,11.771428571428572,,1026.8142857142857,
2000-02-08,2.8428571428571425,-3.9714285714285715,9.428571428571429,0.0,0.0,228.0,10.171428571428573,,1025.5,
2000-02-15,8.814285714285715,1.9714285714285715,15.328571428571427,6.8999999999999995,,284.3333333333333,12.385714285714286,,1015.9142857142857,
2000-02-22,8.971428571428572,3.0,14.514285714285716,3.9285714285714284,,212.8,13.485714285714286,,1025.0714285714287,0.0
2000-02-29,14.12857142857143,7.328571428571428,20.785714285714285,2.8000000000000003,,176.5,16.057142857142857,,1021.9428571428571,0.0
2000-03-07,11.742857142857144,4.114285714285715,19.057142857142857,0.04285714285714286,,186.0,10.357142857142858,,1018.7666666666668,0.0
2000-03-14,11.514285714285714,4.357142857142857,18.314285714285713,1.742857142857143,,244.0,11.771428571428572,,1018.9428571428572,
2000-03-21,10.87142857142857,5.714285714285714,15.700000000000001,8.757142857142856,,125.66666666666667,15.185714285714287,,1018.2428571428572,
2000-03-28,14.357142857142858,7.214285714285714,21.02857142857143,0.9857142857142858,,285.0,12.357142857142858,,1014.7428571428571,0.0
2000-04-04,12.057142857142859,6.585714285714286,17.157142857142855,5.6571428571428575,0.0,25.0,12.228571428571428,,1015.35,0.0
2000-04-11,12.785714285714286,5.557142857142857,19.771428571428572,4.285714285714286,0.0,224.25,15.62857142857143,,1017.8000000000001,
2000-04-18,13.585714285714285,9.214285714285714,17.614285714285714,2.028571428571429,,37.5,11.485714285714286,,1019.342857142857,
2000-04-25,14.842857142857143,9.214285714285714,20.32857142857143,8.757142857142856,,207.0,14.342857142857142,,1010.657142857143,
2000-05-02,15.87142857142857,7.857142857142857,23.414285714285715,2.542857142857143,,,8.342857142857143,,1016.3285714285714,
2000-05-09,22.385714285714283,16.67142857142857,27.857142857142858,3.3857142857142857,,199.0,11.885714285714286,,1017.0857142857143,
2000-05-16,19.2,13.171428571428573,25.085714285714285,0.7,,,12.0,,1016.2857142857143,0.0
2000-05-23,21.74285714285714,16.514285714285712,26.74285714285714,3.528571428571429,,240.5,13.242857142857144,,1014.0714285714286,
2000-05-30,21.585714285714285,16.6,26.271428571428572,20.157142857142855,,212.5,11.114285714285714,,1011.7666666666668,0.0
2000-06-06,22.52857142857143,17.0,27.942857142857143,0.04285714285714286,,0.0,9.885714285714286,,1019.3833333333333,
2000-06-13,24.428571428571427,17.314285714285713,31.271428571428572,0.0,,,8.171428571428573,,1019.8857142857142,
2000-06-20,25.957142857142856,21.585714285714285,30.057142857142857,2.542857142857143,,201.0,12.6,,1016.2714285714285,0.0
2000-06-27,26.75714285714286,21.042857142857144,32.22857142857143,3.6714285714285713,,185.0,11.114285714285714,,1015.8000000000001,0.0
2000-07-04,24.75714285714286,18.97142857142857,30.157142857142855,0.07142857142857142,,215.0,8.928571428571429,,1016.5571428571428,
2000-07-11,28.657142857142855,22.785714285714285,34.3,0.0,,12.0,10.714285714285714,,1015.157142857143,
2000-07-18,27.942857142857143,21.728571428571428,33.72857142857143,0.3,,,9.042857142857143,,1013.1857142857143,0.0
2000-07-25,25.228571428571428,19.37142857142857,30.871428571428574,1.0142857142857142,,110.0,11.685714285714285,,1015.7571428571429,0.0
2000-08-01,26.271428571428572,20.099999999999998,32.3,6.871428571428572,,,8.957142857142857,,1015.2714285714285,0.0
2000-08-08,27.785714285714285,22.228571428571428,32.857142857142854,1.342857142857143,,201.0,9.885714285714286,,1016.3571428571429,0.0
2000-08-15,26.342857142857145,19.75714285714286,32.628571428571426,1.2285714285714284,,6.0,9.87142857142857,,1017.2142857142857,
2000-08-22,26.514285714285712,20.0,32.628571428571426,0.08571428571428572,,,10.642857142857142,,1019.1714285714286,
2000-08-29,26.014285714285712,20.557142857142857,31.357142857142858,4.428571428571429,,174.0,8.814285714285715,,1016.4,0.0
2000-09-05,26.67142857142857,21.442857142857143,31.571428571428573,0.15714285714285717,,30.0,9.985714285714286,,1013.7714285714285,
2000-09-12,24.928571428571427,20.571428571428573,29.042857142857144,2.3285714285714287,,,11.671428571428573,,1017.6142857142858,0.0
2000-09-19,20.542857142857144,13.185714285714285,27.614285714285717,0.0,,8.5,9.5,,1016.6857142857143,0.0
2000-09-26,20.32857142857143,15.071428571428571,25.385714285714283,4.442857142857143,,196.5,11.771428571428572,,1014.0714285714286,0.0
2000-10-03,19.057142857142857,11.685714285714285,26.185714285714287,0.0,,,7.914285714285714,,1019.6285714285714,0.0
2000-10-10,13.028571428571428,6.6000000000000005,19.12857142857143,0.7285714285714285,,346.6666666666667,11.914285714285713,,1024.3428571428572,0.0
2000-10-17,16.6,7.214285714285714,25.62857142857143,0.0,,,5.314285714285715,,1023.0428571428572,0.0
2000-10-24,19.614285714285717,12.785714285714286,26.099999999999998,0.0,,,7.085714285714286,,1024.3428571428572,0.0
2000-10-31,20.25714285714286,13.571428571428571,26.514285714285712,0.21428571428571427,,,6.628571428571428,,1021.6428571428571,0.0
2000-11-07,17.614285714285717,11.971428571428572,22.928571428571427,1.6428571428571428,,146.0,10.700000000000001,,1016.5857142857143,0.0
2000-11-14,9.342857142857143,4.371428571428572,14.12857142857143,17.128571428571426,,272.6666666666667,11.714285714285714,,1015.7571428571429,0.0
2000-11-21,2.357142857142857,-2.157142857142857,6.585714285714286,0.7285714285714285,,232.5,9.928571428571429,,1022.8714285714286,
2000-11-28,7.857142857142857,1.842857142857143,13.485714285714286,3.6999999999999997,,210.0,10.628571428571428,,1017.9142857142857,0.0
2000-12-05,2.2857142857142856,-1.6,5.871428571428572,0.1142857142857143,0.0,12.0,10.171428571428573,,1027.1142857142856,0.0
2000-12-12,2.7857142857142856,-2.771428571428572,7.942857142857143,0.35714285714285715,0.0,195.33333333333334,11.771428571428572,,1021.7571428571429,0.0
2000-12-19,0.38571428571428584,-5.1571428571428575,5.471428571428572,11.971428571428572,12.5,291.0,14.371428571428572,,1021.1714285714286,0.0
2000-12-26,-4.057142857142857,-9.285714285714286,0.9571428571428572,0.04285714285714286,0.0,198.0,11.314285714285715,,1030.2,
2001-01-02,-3.642857142857143,-6.528571428571429,-1.2,0.18571428571428572,5.0,144.5,10.971428571428572,,1024.9857142857143,0.0
2001-01-09,0.6285714285714287,-5.257142857142857,6.285714285714286,0.0,0.0,261.0,10.385714285714286,,1019.7142857142857,0.0
2001-01-16,3.8142857142857145,-0.8714285714285717,8.1,1.1285714285714286,0.0,260.0,8.8,,1022.8857142857142,0.0
2001-01-23,0.8857142857142856,-3.414285714285714,4.914285714285714,7.771428571428571,12.5,224.66666666666666,8.314285714285715,,1023.3833333333333,
2001-01-30,3.885714285714286,-2.242857142857143,9.757142857142856,2.5714285714285716,0.0,181.5,13.971428571428572,,1020.5571428571428,
2001-02-06,3.814285714285714,-2.7857142857142856,10.314285714285715,0.0,,235.5,10.742857142857144,,1020.9142857142857,
2001-02-13,8.828571428571427,3.5,13.799999999999999,4.8,,193.0,13.442857142857141,,1024.4428571428573,
2001-02-20,7.771428571428571,2.5142857142857147,12.857142857142858,19.557142857142857,,275.0,12.614285714285714,,1023.1999999999999,0.0
2001-02-27,8.32857142857143,3.357142857142857,13.171428571428573,6.628571428571428,,93.0,14.6,,1022.5428571428572,0.0
2001-03-06,6.5,2.2285714285714286,10.414285714285715,2.142857142857143,,323.0,13.12857142857143,,1014.3285714285714,0.0
2001-03-13,8.185714285714285,1.2571428571428573,14.685714285714285,0.7999999999999999,,,12.1,,1015.9,0.0
2001-03-20,8.242857142857144,3.9,12.314285714285715,6.485714285714286,,161.5,14.700000000000001,,1016.5285714285714,0.0
2001-03-27,6.585714285714286,0.4000000000000001,12.614285714285714,0.07142857142857142,,336.0,11.0,,1021.1714285714286,0.0
2001-04-03,10.328571428571427,5.542857142857143,14.842857142857143,0.7714285714285714,,,10.285714285714286,,1014.3333333333334,0.0
2001-04-10,21.97142857142857,16.742857142857144,26.8,0.0,,198.25,14.457142857142857,,1017.0,0.0
2001-04-17,17.142857142857142,11.885714285714286,21.914285714285715,7.228571428571429,0.0,260.0,14.171428571428573,,1016.5285714285714,0.0
2001-04-24,16.414285714285715,10.314285714285715,22.24285714285714,1.2,,268.5,14.857142857142858,,1023.1142857142858,0.0
2001-05-01,18.17142857142857,10.542857142857143,25.47142857142857,0.04285714285714286,,,9.528571428571428,,1023.4,0.0
2001-05-08,21.485714285714288,14.528571428571428,27.914285714285715,1.6428571428571428,,169.0,8.6,,1020.6,0.0
2001-05-15,20.0,13.9,25.785714285714285,1.957142857142857,,270.5,9.414285714285715,,1020.1857142857143,0.0
2001-05-22,22.62857142857143,17.285714285714285,27.7,10.357142857142858,,217.5,12.028571428571428,,1009.4714285714286,0.0
2001-05-29,18.17142857142857,12.614285714285714,23.25714285714286,2.614285714285714,,217.0,10.299999999999999,,1012.2142857142857,0.0
2001-06-05,20.24285714285714,14.771428571428572,25.47142857142857,4.928571428571429,,211.66666666666666,11.214285714285714,,1013.15,0.0
2001-06-12,23.17142857142857,17.599999999999998,28.47142857142857,1.6285714285714283,,,7.057142857142857,,1014.3166666666666,0.0
2001-06-19,25.542857142857144,19.042857142857144,31.900000000000002,2.8000000000000003,,,9.142857142857142,,1017.9428571428572,0.0
2001-06-26,22.857142857142858,16.97142857142857,28.557142857142857,3.585714285714286,,,8.857142857142858,,1019.4857142857143,0.0
2001-07-03,24.342857142857145,18.957142857142856,29.457142857142856,6.785714285714286,,,7.757142857142857,,1020.4571428571428,0.0
2001-07-10,26.74285714285714,21.114285714285717,32.07142857142857,3.0428571428571423,,,8.757142857142856,,1015.5714285714286,0.0
2001-07-17,25.414285714285715,19.52857142857143,30.885714285714283,0.0,,112.0,10.585714285714285,,1015.0166666666668,0.0
2001-07-24,27.3,22.37142857142857,31.828571428571426,0.2285714285714286,,,8.028571428571428,,1014.5714285714286,0.0
2001-07-31,27.785714285714285,23.342857142857145,31.914285714285715,6.785714285714286,,192.0,9.299999999999999,,1016.9571428571428,0.0
2001-08-07,27.7,22.785714285714285,32.22857142857143,2.042857142857143,,150.0,9.157142857142857,,1019.2142857142857,0.0
2001-08-14,26.5,22.228571428571428,30.314285714285717,9.72857142857143,,,7.257142857142857,,1016.6714285714286,
2001-08-21,24.542857142857144,18.814285714285713,29.900000000000002,1.557142857142857,,206.0,8.22857142857143,,1016.1285714285714,0.0
2001-08-28,26.67142857142857,21.428571428571427,31.67142857142857,0.2571428571428572,,,8.128571428571428,,1016.8666666666667,0.0
2001-09-04,24.285714285714285,20.742857142857144,27.557142857142857,1.5285714285714287,,,8.442857142857143,,1014.842857142857,0.0
2001-09-11,25.485714285714288,19.771428571428572,30.785714285714285,0.35714285714285715,,176.33333333333334,13.9,,1017.6142857142858,0.0
2001-09-18,21.82857142857143,15.085714285714285,28.414285714285715,0.0,,,8.842857142857143,,1018.157142857143,0.0
2001-09-25,19.514285714285712,13.6,25.17142857142857,5.8,,,8.742857142857144,,1016.5,0.0
2001-10-02,15.87142857142857,7.457142857142857,23.900000000000002,0.0,,,9.357142857142858,,1020.6714285714286,0.0
2001-10-09,15.714285714285714,7.928571428571429,23.099999999999998,5.3999999999999995,,241.66666666666666,11.87142857142857,,1022.4285714285714,0.0
2001-10-16,17.52857142857143,12.542857142857143,22.228571428571428,8.742857142857142,,190.0,16.757142857142856,,1016.3714285714286,0.0
2001-10-23,15.242857142857144,7.628571428571428,22.542857142857144,0.0,,192.0,9.814285714285715,,1019.4857142857143,0.0
2001-10-30,10.642857142857142,3.557142857142857,17.457142857142856,2.5714285714285716,,280.3333333333333,11.014285714285714,,1025.7285714285713,0.0
2001-11-06,14.514285714285714,6.585714285714286,22.12857142857143,0.0,,186.0,9.914285714285715,,1024.5166666666667,0.0
2001-11-13,11.142857142857142,2.3857142857142857,19.52857142857143,0.0,,,7.728571428571429,,1026.3714285714286,0.0
2001-11-20,11.9,3.8285714285714287,19.771428571428572,0.7571428571428571,,230.0,7.014285714285714,,1024.4285714285713,0.0
2001-11-27,12.457142857142857,5.871428571428572,18.642857142857142,4.871428571428572,,163.33333333333334,13.057142857142859,,1015.2571428571429,0.0
2001-12-04,11.728571428571428,5.385714285714286,17.77142857142857,12.857142857142858,,213.0,9.071428571428571,,1020.8000000000001,0.0
2001-12-11,11.028571428571428,6.885714285714286,14.842857142857143,4.957142857142856,,94.0,9.614285714285714,,1020.9285714285714,
2001-12-18,11.971428571428572,7.857142857142857,16.02857142857143,5.7,,209.0,14.814285714285715,,1016.4571428571428,
2001-12-25,3.8000000000000003,-2.0571428571428574,9.428571428571429,1.3714285714285714,,261.5,11.27142857142857,,1020.7571428571429,
2002-01-01,-1.3285714285714285,-6.6571428571428575,3.8285714285714287,0.0,,226.0,10.142857142857142,,1019.3571428571429,0.0
2002-01-08,-0.7142857142857143,-6.271428571428571,4.5,0.4428571428571428,0.0,,11.4,,1022.0428571428572,0.0
2002-01-15,6.728571428571429,0.5571428571428572,12.757142857142856,1.2285714285714284,,209.5,11.314285714285715,,1016.842857142857,0.0
2002-01-22,4.371428571428572,-1.3571428571428572,9.614285714285714,5.585714285714286,0.0,3.0,11.428571428571429,,1020.3142857142857,0.0
2002-01-29,10.385714285714286,3.8000000000000003,16.74285714285714,9.842857142857142,,249.0,11.014285714285714,,1019.9285714285714,0.0
2002-02-05,7.614285714285714,3.742857142857143,11.200000000000001,2.9285714285714284,0.0,252.0,14.357142857142858,,1026.1499999999999,0.0
2002-02-12,4.7,-1.342857142857143,10.457142857142857,2.157142857142857,42.333333333333336,230.0,11.557142857142859,,1022.2571428571429,0.0
2002-02-19,6.514285714285714,-0.21428571428571427,13.014285714285714,0.2285714285714286,,218.5,13.057142857142859,,1022.8142857142857,0.0
2002-02-26,7.057142857142857,-0.15714285714285708,13.9,2.7142857142857144,0.0,250.0,14.557142857142859,,1018.0857142857143,0.0
2002-03-05,1.1,-5.542857142857143,7.457142857142857,0.14285714285714285,0.0,245.33333333333334,14.514285714285714,,1023.657142857143,0.0
2002-03-12,10.385714285714286,3.5,17.071428571428573,3.1857142857142855,,288.0,15.12857142857143,,1023.842857142857,
2002-03-19,14.685714285714285,9.114285714285714,19.842857142857145,16.914285714285715,,192.0,12.157142857142857,,1015.7714285714285,
2002-03-26,8.9,0.8571428571428574,16.571428571428573,6.528571428571429,0.0,265.5,14.571428571428571,,1020.6857142857143,
2002-04-02,8.414285714285715,5.542857142857143,17.87142857142857,7.328571428571429,,197.5,12.657142857142857,,1014.175,0.0
2002-04-09,10.4,3.9714285714285715,16.514285714285712,0.32857142857142857,,116.5,16.15714285714286,,1023.7666666666668,0.0
2002-04-16,19.82857142857143,13.728571428571428,25.857142857142858,1.2285714285714284,,185.0,12.171428571428573,,1020.6333333333333,0.0
2002-04-23,21.585714285714285,15.571428571428571,27.47142857142857,1.157142857142857,,,11.357142857142858,,1017.5571428571428,0.0
2002-04-30,16.114285714285714,9.685714285714285,22.214285714285715,12.914285714285713,,,13.642857142857142,,1017.6857142857143,0.0
2002-05-07,18.885714285714283,13.814285714285713,23.585714285714285,2.4,,193.5,12.5,,1015.657142857143,0.0
2002-05-14,19.614285714285717,13.742857142857144,25.214285714285715,7.1571428571428575,,172.66666666666666,13.314285714285715,,1018.6714285714286,0.0
2002-05-21,15.0,8.642857142857142,21.25714285714286,4.357142857142857,,76.33333333333333,12.714285714285714,,1020.9714285714286,0.0
2002-05-28,19.685714285714287,12.471428571428572,26.571428571428573,0.39999999999999997,,,8.8,,1019.1714285714286,0.0
2002-06-04,25.642857142857142,19.442857142857143,31.485714285714288,0.5714285714285714,,,8.471428571428572,,1012.6428571428571,0.0
2002-06-11,23.885714285714283,17.857142857142858,29.771428571428572,0.7714285714285714,,158.0,10.942857142857141,,1016.6857142857143,0.0
2002-06-18,23.414285714285715,17.771428571428572,28.814285714285717,0.6571428571428571,,,9.37142857142857,,1012.6285714285714,0.0
2002-06-25,25.957142857142856,19.67142857142857,31.97142857142857,2.2142857142857144,,,8.657142857142857,,1021.8,0.0
2002-07-02,26.842857142857145,21.442857142857143,31.985714285714288,9.785714285714286,,,8.242857142857144,,1018.2714285714285,0.0
2002-07-09,27.157142857142855,21.428571428571427,32.699999999999996,3.7857142857142856,,19.0,8.842857142857143,,1018.35,0.0
2002-07-16,25.714285714285715,21.142857142857142,30.0,14.157142857142857,,,7.3999999999999995,,1015.4285714285714,0.0
2002-07-23,26.75714285714286,22.0,31.185714285714287,1.7857142857142858,,,7.928571428571429,,1017.4428571428572,0.0
2002-07-30,27.457142857142856,22.52857142857143,32.15714285714286,0.5428571428571428,,213.0,9.685714285714285,,1017.0571428571428,0.0
2002-08-06,28.485714285714288,22.52857142857143,34.2,0.0,,,7.771428571428571,,1017.0499999999998,0.0
2002-08-13,25.942857142857143,18.97142857142857,32.47142857142857,0.0,,31.0,9.442857142857141,,1018.5714285714286,0.0
2002-08-20,26.5,21.442857142857143,31.342857142857138,10.1,,,9.457142857142857,,1017.8142857142857,0.0
2002-08-27,26.985714285714288,21.914285714285715,31.9,0.8714285714285713,,,8.014285714285714,,1016.0714285714286,0.0
2002-09-03,25.714285714285715,19.75714285714286,31.514285714285712,0.39999999999999997,,,6.542857142857143,,1018.3000000000001,0.0
2002-09-10,26.842857142857145,19.2,34.04285714285714,0.07142857142857142,,,6.442857142857143,,1017.6857142857143,0.0
2002-09-17,24.67142857142857,19.357142857142858,29.771428571428572,5.114285714285715,,338.0,8.014285714285714,,1015.0857142857143,0.0
2002-09-24,22.385714285714283,16.742857142857144,27.771428571428572,4.057142857142858,,175.0,12.314285714285715,,1015.3571428571429,0.0
2002-10-01,20.942857142857143,17.071428571428573,24.5,15.871428571428572,,56.0,9.471428571428572,,1015.3142857142857,0.0
2002-10-08,20.714285714285715,15.185714285714285,26.099999999999998,2.242857142857143,,180.0,9.685714285714285,,1018.8166666666666,0.0
2002-10-15,17.142857142857142,13.742857142857144,20.385714285714283,9.114285714285716,,36.0,7.985714285714286,,1018.6857142857143,0.0
2002-10-22,12.942857142857141,8.085714285714285,17.47142857142857,1.0142857142857142,,,7.557142857142857,,1017.7285714285715,0.0
2002-10-29,15.957142857142856,12.214285714285714,19.514285714285712,1.5857142857142856,,174.0,9.200000000000001,,1016.9,0.0
2002-11-05,8.8,6.042857142857143,11.200000000000001,4.285714285714286,,172.0,8.442857142857141,,1020.0857142857143,0.0
2002-11-12,12.228571428571428,6.357142857142857,17.857142857142858,2.0285714285714285,,190.5,14.657142857142857,,1015.8142857142857,0.0
2002-11-19,7.871428571428572,2.142857142857143,13.185714285714285,3.9142857142857146,,336.5,10.857142857142858,,1020.0571428571428,0.0
2002-11-26,6.671428571428572,1.2,11.971428571428572,0.32857142857142857,,,11.37142857142857,,1020.3285714285713,0.0
2002-12-03,2.942857142857143,-1.8285714285714287,7.314285714285715,0.07142857142857142,,215.0,12.4,,1022.0142857142857,0.0
2002-12-10,1.6714285714285713,-3.257142857142857,6.357142857142857,9.942857142857145,0.0,,9.428571428571429,,1025.1714285714286,0.0
2002-12-17,6.271428571428571,2.0714285714285716,10.299999999999999,3.042857142857143,,172.0,11.299999999999999,,1016.0857142857143,0.0
2002-12-24,7.628571428571428,2.771428571428572,12.142857142857142,6.614285714285714,0.0,189.0,16.67142857142857,,1014.4285714285714,0.0
2002-12-31,5.314285714285715,0.4857142857142855,9.757142857142858,1.4142857142857144,0.0,147.5,11.771428571428572,,1021.0285714285714,0.0
2003-01-07,4.514285714285714,0.8571428571428571,7.857142857142857,1.4857142857142855,0.0,,11.828571428571427,,1016.7666666666668,0.0
2003-01-14,2.9285714285714284,-2.157142857142857,7.942857142857143,0.0,0.0,257.5,11.62857142857143,,1022.75,0.0
2003-01-21,-1.7571428571428573,-6.9142857142857155,3.1000000000000005,2.1714285714285713,65.42857142857143,214.0,11.928571428571429,,1022.6714285714286,0.0
2003-01-28,-4.685714285714285,-10.014285714285716,0.38571428571428573,0.39999999999999997,7.142857142857143,213.66666666666666,12.700000000000001,,1029.6571428571428,0.0
2003-02-04,6.371428571428572,1.5857142857142856,10.799999999999999,4.057142857142857,0.0,195.33333333333334,14.914285714285715,,1016.7571428571429,0.0
2003-02-11,0.0,-4.457142857142857,3.957142857142857,2.0285714285714285,30.6,237.0,10.085714285714285,,1021.9428571428572,0.0
2003-02-18,3.3857142857142857,-0.9714285714285713,8.085714285714285,15.928571428571429,0.0,264.5,12.071428571428571,,1019.82,0.0
2003-02-25,4.214285714285714,0.3285714285714287,7.771428571428571,9.62857142857143,0.0,23.0,12.657142857142857,,1016.6714285714286,0.0
2003-03-04,4.6000000000000005,0.2428571428571429,8.571428571428571,0.9,,15.5,8.242857142857144,,1016.3857142857142,0.0
2003-03-11,8.428571428571429,1.5,14.928571428571429,0.4714285714285714,,352.0,11.785714285714286,,1017.4285714285714,0.0
2003-03-18,14.271428571428572,8.657142857142857,19.514285714285712,0.7999999999999999,,341.0,10.12857142857143,,1012.6,0.0
2003-03-25,15.400000000000002,8.657142857142857,21.74285714285714,3.6,,186.0,12.12857142857143,,1011.2142857142857,0.0
2003-04-01,11.028571428571427,4.185714285714286,17.457142857142856,3.3857142857142857,,201.5,15.228571428571428,,1017.9428571428572,0.0
2003-04-08,15.642857142857142,10.314285714285715,20.8,8.842857142857143,,202.5,16.085714285714285,,1015.4666666666667,0.0
2003-04-15,13.585714285714285,5.8,20.97142857142857,0.8428571428571427,,348.0,10.757142857142856,,1017.3142857142857,0.0
2003-04-22,18.714285714285715,13.5,23.485714285714288,5.857142857142857,,236.66666666666666,15.028571428571428,,1014.2714285714285,0.0
2003-04-29,16.428571428571427,9.857142857142858,22.771428571428572,1.4857142857142855,,,9.87142857142857,,1012.5142857142857,0.0
2003-05-06,20.25714285714286,14.542857142857143,25.62857142857143,19.61428571428571,,,12.857142857142858,,1012.2857142857143,0.0
2003-05-13,21.442857142857143,16.5,26.185714285714287,13.642857142857142,,218.0,13.285714285714286,,1013.8714285714286,0.0
2003-05-20,20.5,16.585714285714285,24.2,4.1000000000000005,,150.0,11.828571428571427,,1014.4571428571428,0.0
2003-05-27,17.071428571428573,12.357142857142858,21.514285714285712,1.342857142857143,,9.0,9.714285714285714,,1017.2857142857143,0.0
2003-06-03,19.042857142857144,13.414285714285715,24.3,2.0,,283.0,12.757142857142856,,1010.7571428571429,
2003-06-10,20.157142857142855,14.200000000000001,25.87142857142857,6.814285714285715,,,9.042857142857143,,1012.9285714285714,0.0
2003-06-17,24.014285714285712,19.67142857142857,28.24285714285714,3.6,,199.0,9.057142857142857,,1013.1142857142858,
2003-06-24,22.785714285714285,17.157142857142855,28.271428571428572,0.39999999999999997,,22.0,8.842857142857143,,1015.1857142857143,0.0
2003-07-01,23.97142857142857,18.82857142857143,28.82857142857143,14.085714285714287,,55.5,8.828571428571427,,1017.9571428571428,0.0
2003-07-08,26.342857142857145,21.357142857142858,31.042857142857144,0.04285714285714286,,192.0,9.157142857142858,,1016.1285714285714,
2003-07-15,26.157142857142855,21.17142857142857,30.957142857142856,2.3285714285714283,,221.0,10.014285714285714,,1016.0714285714286,
2003-07-22,26.514285714285712,21.02857142857143,31.585714285714285,1.0142857142857142,,,8.185714285714285,,1015.6,
2003-07-29,24.685714285714287,18.728571428571428,30.47142857142857,2.8714285714285714,,,8.228571428571428,,1018.2571428571429,0.0
2003-08-05,25.485714285714288,20.8,29.914285714285715,8.885714285714286,,,7.771428571428571,,1014.7285714285715,0.0
2003-08-12,24.74285714285714,19.814285714285713,29.357142857142858,0.4142857142857143,,,7.857142857142857,,1013.8571428571429,0.0
2003-08-19,27.614285714285717,22.457142857142856,32.55714285714286,2.4714285714285715,,,7.542857142857143,,1019.5714285714286,0.0
2003-08-26,27.071428571428573,21.2,32.614285714285714,1.7,,,8.842857142857143,,1017.4857142857143,0.0
2003-09-02,26.900000000000002,22.0,31.5,6.142857142857143,,,9.171428571428573,,1018.4571428571428,0.0
2003-09-09,22.47142857142857,17.45714285714286,27.385714285714283,5.257142857142857,,22.5,8.428571428571429,,1016.8857142857142,0.0
2003-09-16,22.514285714285712,16.414285714285715,28.32857142857143,3.3428571428571425,,226.0,9.328571428571427,,1018.657142857143,0.0
2003-09-23,21.457142857142856,15.485714285714286,27.12857142857143,20.24285714285714,,,8.428571428571429,,1017.342857142857,0.0
2003-09-30,17.3,10.87142857142857,23.485714285714288,0.39999999999999997,,,8.857142857142858,,1017.4142857142857,0.0
2003-10-07,14.285714285714286,7.771428571428571,20.542857142857144,0.6571428571428571,,,7.1571428571428575,,1019.9714285714286,0.0
2003-10-14,18.942857142857143,13.971428571428572,23.657142857142855,2.614285714285714,,,6.685714285714285,,1015.5714285714286,0.0
2003-10-21,16.085714285714285,9.128571428571428,22.87142857142857,0.1142857142857143,,,8.171428571428573,,1018.8833333333333,0.0
2003-10-28,14.457142857142857,8.242857142857144,20.314285714285713,3.1571428571428575,,,10.12857142857143,,1014.4857142857143,0.0
2003-11-04,18.0,10.328571428571427,25.342857142857145,0.0,,184.0,8.4,,1019.5428571428572,0.0
2003-11-11,12.299999999999999,7.771428571428572,16.657142857142855,0.9571428571428572,,142.0,13.271428571428572,,1024.9571428571428,0.0
2003-11-18,12.142857142857142,7.957142857142857,16.142857142857142,7.871428571428572,,246.0,11.714285714285714,,1019.6857142857143,0.0
2003-11-25,11.185714285714285,4.114285714285715,17.785714285714285,4.0,0.0,181.0,12.814285714285715,,1016.2714285714285,0.0
2003-12-02,6.585714285714286,1.5857142857142859,11.342857142857143,2.3285714285714287,0.0,252.66666666666666,13.171428571428573,,1023.1714285714286,0.0
2003-12-09,6.185714285714285,1.4142857142857144,10.714285714285714,1.9714285714285713,,184.0,13.857142857142858,,1020.2428571428571,0.0
2003-12-16,3.8000000000000003,-0.39999999999999997,7.8428571428571425,4.242857142857143,0.0,224.66666666666666,14.342857142857143,,1016.3857142857142,0.0
2003-12-23,3.9714285714285715,-0.7285714285714285,8.428571428571429,2.642857142857143,0.0,226.6,15.271428571428572,,1020.4428571428572,0.0
2003-12-30,5.014285714285714,-1.342857142857143,11.12857142857143,2.7285714285714286,,,9.657142857142858,,1023.0571428571428,0.0
2004-01-06,9.842857142857143,4.057142857142858,15.242857142857144,2.8714285714285714,,237.0,15.071428571428571,,1022.5857142857143,0.0
2004-01-13,1.5142857142857145,-3.5,6.171428571428572,0.5857142857142856,0.0,208.5,11.457142857142857,,1028.1714285714286,0.0
2004-01-20,2.2285714285714286,-3.085714285714286,7.228571428571429,3.9571428571428577,,349.0,12.342857142857143,,1018.1999999999999,0.0
2004-01-27,4.928571428571429,-1.5714285714285714,11.185714285714285,5.628571428571428,,224.5,13.9,,1016.3000000000001,0.0
2004-02-03,0.8714285714285713,-5.485714285714286,6.914285714285714,3.8285714285714287,0.0,160.0,12.1,,1021.2714285714285,0.0
2004-02-10,2.957142857142857,-1.6714285714285713,7.371428571428571,15.742857142857144,0.0,201.5,13.114285714285714,,1023.9714285714286,0.0
2004-02-17,3.4285714285714284,-1.2857142857142858,7.871428571428572,0.6857142857142857,0.0,13.0,9.942857142857141,,1023.9142857142857,0.0
2004-02-24,7.842857142857143,1.4285714285714286,14.042857142857143,0.18571428571428572,,201.5,10.957142857142857,,1018.5714285714286,0.0
2004-03-02,8.585714285714285,2.9285714285714284,13.885714285714286,4.428571428571429,,97.5,11.985714285714286,,1022.2142857142857,0.0
2004-03-09,12.157142857142857,6.742857142857143,17.285714285714285,5.371428571428572,,320.0,13.985714285714286,,1017.9714285714286,
2004-03-16,7.985714285714287,2.3000000000000003,13.571428571428571,1.3142857142857143,,231.0,10.942857142857141,,1022.4571428571428,
2004-03-23,10.957142857142857,3.9571428571428577,17.614285714285717,2.471428571428571,,279.5,12.9,,1023.9428571428572,0.0
2004-03-30,16.985714285714288,10.542857142857143,23.014285714285712,3.814285714285714,,181.33333333333334,13.157142857142857,,1023.4285714285714,0.0
2004-04-06,10.242857142857144,4.828571428571428,15.471428571428572,0.7571428571428571,,309.0,12.200000000000001,,1016.6833333333334,0.0
2004-04-13,12.700000000000001,8.114285714285714,17.142857142857142,9.042857142857143,,28.5,13.471428571428572,,1011.0428571428572,0.0
2004-04-20,17.385714285714283,9.6,24.685714285714287,0.0,,205.5,12.271428571428572,,1021.9285714285714,0.0
2004-04-27,18.485714285714288,13.657142857142857,23.014285714285712,14.471428571428572,,,12.385714285714286,,1016.2714285714285,0.0
2004-05-04,15.414285714285715,9.128571428571428,21.514285714285712,7.042857142857143,,182.0,12.257142857142856,,1018.6428571428571,0.0
2004-05-11,22.228571428571428,14.828571428571427,29.357142857142858,1.342857142857143,,,8.942857142857143,,1019.8714285714286,0.0
2004-05-18,22.214285714285715,17.87142857142857,26.442857142857143,10.557142857142859,,,11.714285714285714,,1020.657142857143,0.0
2004-05-25,25.014285714285712,19.685714285714287,30.17142857142857,0.0,,207.33333333333334,12.1,,1016.6142857142858,
2004-06-01,24.285714285714285,19.599999999999998,28.728571428571428,6.757142857142858,,214.0,13.114285714285716,,1009.9285714285714,
2004-06-08,22.385714285714283,17.228571428571428,27.385714285714283,4.242857142857143,,,7.771428571428571,,1017.7285714285715,0.0
2004-06-15,26.428571428571427,21.271428571428572,31.342857142857145,5.814285714285715,,144.0,9.457142857142857,,1015.9142857142857,0.0
2004-06-22,25.314285714285713,20.814285714285713,29.685714285714287,0.7000000000000001,,334.0,9.828571428571427,,1016.7142857142857,0.0
2004-06-29,23.414285714285715,19.12857142857143,27.385714285714283,1.1714285714285713,,,7.457142857142856,,1018.3571428571429,0.0
2004-07-06,25.32857142857143,20.5,29.842857142857138,5.085714285714286,,211.0,9.771428571428572,,1016.2714285714285,0.0
2004-07-13,26.342857142857145,21.157142857142855,31.32857142857143,3.585714285714286,,,7.614285714285714,,1016.5714285714286,0.0
2004-07-20,24.67142857142857,19.3,29.885714285714283,0.0,,354.0,8.528571428571428,,1012.0142857142857,0.0
2004-07-27,25.47142857142857,20.557142857142857,30.157142857142855,0.5857142857142856,,355.0,10.185714285714285,,1016.5857142857143,0.0
2004-08-03,25.957142857142856,19.928571428571427,31.685714285714283,2.7285714285714286,,,9.514285714285714,,1014.7714285714285,0.0
2004-08-10,23.485714285714288,17.54285714285714,29.37142857142857,8.671428571428573,,29.0,10.342857142857143,,1016.0857142857143,0.0
2004-08-17,19.928571428571427,13.571428571428571,26.185714285714287,0.7571428571428571,,1.0,9.328571428571427,,1019.6142857142858,
2004-08-24,24.285714285714285,18.800000000000004,29.428571428571427,5.728571428571429,,188.0,8.857142857142858,,1016.0714285714286,0.0
2004-08-31,25.228571428571428,21.185714285714287,28.900000000000002,0.2285714285714286,,179.33333333333334,11.614285714285714,,1017.3285714285714,0.0
2004-09-07,24.82857142857143,20.314285714285713,29.142857142857142,8.242857142857142,,7.0,9.557142857142859,,1016.6999999999999,0.0
2004-09-14,23.24285714285714,18.157142857142855,28.014285714285712,2.7285714285714286,,341.0,9.37142857142857,,1018.0571428571428,0.0
2004-09-21,20.857142857142858,14.614285714285714,26.75714285714286,5.557142857142857,,145.75,13.27142857142857,,1018.1428571428571,0.0
2004-09-28,22.314285714285713,15.714285714285714,28.571428571428573,0.0,,356.0,9.571428571428571,,1018.6142857142858,0.0
2004-10-05,17.714285714285715,10.942857142857141,24.2,0.5428571428571428,,157.5,8.6,,1020.842857142857,0.0
2004-10-12,19.02857142857143,13.571428571428571,24.228571428571428,5.185714285714285,,55.5,9.971428571428572,,1019.7857142857143,0.0
2004-10-19,14.514285714285714,9.985714285714286,18.814285714285713,9.242857142857144,,252.0,13.428571428571429,,1008.9,0.0
2004-10-26,18.642857142857142,13.885714285714286,23.028571428571432,1.8571428571428572,,,7.828571428571429,,1015.5714285714286,0.0
2004-11-02,21.428571428571427,17.214285714285715,25.457142857142856,1.0285714285714285,,196.66666666666666,11.014285714285714,,1016.2428571428571,0.0
2004-11-09,13.114285714285714,6.8999999999999995,18.957142857142856,1.7857142857142858,,175.66666666666666,11.885714285714286,,1020.7857142857143,0.0
2004-11-16,10.557142857142859,4.685714285714285,16.342857142857145,1.4142857142857144,,30.0,11.428571428571429,,1028.0857142857142,
2004-11-23,13.557142857142859,10.785714285714286,15.87142857142857,4.1000000000000005,,,4.214285714285714,,1020.6,0.0
2004-11-30,8.642857142857142,3.7142857142857144,13.485714285714286,11.542857142857143,,193.5,14.457142857142857,,1014.6142857142858,0.0
2004-12-07,7.928571428571429,1.5714285714285714,14.114285714285714,8.5,,,11.771428571428572,,1018.2142857142857,0.0
2004-12-14,6.585714285714286,2.685714285714286,10.0,4.585714285714286,,,12.714285714285714,,1016.4,0.0
2004-12-21,1.742857142857143,-5.314285714285715,8.72857142857143,0.08571428571428572,,193.0,11.971428571428572,,1024.4285714285713,0.0
2004-12-28,-1.2571428571428573,-6.914285714285714,4.128571428571428,8.385714285714286,0.0,,9.414285714285715,,1025.9142857142856,
2005-01-04,14.057142857142859,9.685714285714285,17.928571428571427,1.3,,182.0,12.4,,1026.7833333333333,0.0
2005-01-11,10.971428571428572,7.214285714285714,14.614285714285716,8.628571428571428,,160.0,11.985714285714286,,1020.75,0.0
2005-01-18,2.7,-1.6714285714285715,6.742857142857142,2.9,0.0,182.75,16.414285714285715,,1036.6200000000001,0.0
2005-01-25,2.7857142857142856,-4.985714285714286,10.457142857142857,0.15714285714285717,0.0,,12.242857142857144,,1020.2428571428571,0.0
2005-02-01,4.128571428571428,1.0428571428571427,6.814285714285715,3.042857142857143,,27.0,13.385714285714286,,1023.5400000000002,0.0
2005-02-08,7.685714285714285,2.457142857142857,12.557142857142859,3.2714285714285714,,115.0,8.957142857142857,,1026.46,0.0
2005-02-15,8.014285714285714,1.0285714285714287,13.885714285714286,2.642857142857143,,318.0,13.271428571428572,,1018.4000000000001,0.0
2005-02-22,8.014285714285714,2.542857142857143,13.414285714285715,6.142857142857143,,252.5,12.700000000000001,,1021.657142857143,0.0
2005-03-01,5.1571428571428575,0.3142857142857142,9.685714285714285,1.885714285714286,,31.0,11.200000000000001,,1017.1714285714286,
2005-03-08,6.328571428571429,-1.0285714285714287,13.485714285714286,1.242857142857143,,314.0,11.714285714285714,,1016.1142857142858,
2005-03-15,6.814285714285715,0.7714285714285716,12.614285714285714,0.18571428571428572,,255.0,14.971428571428572,,1013.5,
2005-03-22,9.271428571428572,3.5714285714285716,14.757142857142856,3.7428571428571433,,121.5,13.528571428571428,,1015.7428571428571,
2005-03-29,11.757142857142856,6.6000000000000005,16.428571428571427,7.8,,245.0,11.814285714285715,,1009.8857142857142,
2005-04-05,14.685714285714285,7.857142857142857,21.114285714285717,6.1,,160.0,13.700000000000001,,1014.0799999999999,
2005-04-12,17.857142857142858,12.771428571428572,22.685714285714287,7.257142857142858,,185.5,11.728571428571428,,1011.9200000000001,
2005-04-19,17.4,10.385714285714286,23.97142857142857,0.9857142857142858,,,9.214285714285714,,1019.15,
2005-04-26,14.442857142857141,8.5,20.142857142857142,3.3999999999999995,,252.33333333333334,14.528571428571428,,1010.3333333333334,
2005-05-03,11.857142857142858,6.1,17.228571428571428,8.6,,,10.12857142857143,,1016.5571428571428,
2005-05-10,17.385714285714286,9.6,24.914285714285715,0.0,,,6.414285714285714,,1019.9714285714286,
2005-05-17,20.385714285714283,14.214285714285714,26.25714285714286,1.5571428571428572,,208.0,9.271428571428572,,1016.1999999999999,
2005-05-24,21.32857142857143,15.314285714285715,27.057142857142857,2.1714285714285713,,,10.799999999999999,,1010.85,
2005-05-31,20.557142857142857,14.142857142857142,26.585714285714285,0.0,,62.0,9.271428571428572,,1014.3571428571429,
2005-06-07,23.62857142857143,18.32857142857143,28.642857142857142,2.942857142857143,,75.0,10.357142857142858,,1012.5500000000001,
2005-06-14,25.571428571428573,21.114285714285717,29.900000000000002,6.485714285714286,,181.0,11.171428571428573,,1012.1833333333334,
2005-06-21,23.157142857142855,17.457142857142856,28.642857142857142,0.0,,,9.814285714285715,,1014.6999999999999,
2005-06-28,26.75714285714286,20.314285714285713,32.785714285714285,0.35714285714285715,,,6.485714285714286,,1018.1166666666667,
2005-07-05,28.385714285714283,22.557142857142857,33.885714285714286,0.2571428571428572,,,9.4,,1013.7428571428571,
2005-07-12,26.599999999999998,21.442857142857143,31.657142857142855,3.7,,167.5,11.885714285714286,,1014.5428571428572,
2005-07-19,26.428571428571427,22.62857142857143,30.228571428571428,3.7857142857142856,,215.0,9.457142857142857,,1015.6833333333334,
2005-07-26,28.885714285714283,23.17142857142857,34.285714285714285,0.8714285714285713,,,5.957142857142857,,1017.3166666666666,
2005-08-02,26.842857142857145,21.271428571428572,32.371428571428574,0.21428571428571427,,,8.542857142857143,,1017.8000000000001,
2005-08-09,27.314285714285713,21.285714285714285,34.3,0.0,,,5.742857142857143,,1017.6714285714286,
2005-08-16,27.957142857142856,22.3,36.128571428571426,1.957142857142857,,,6.114285714285714,,1016.2285714285715,
2005-08-23,28.557142857142857,23.885714285714283,34.128571428571426,11.685714285714285,,,7.185714285714285,,1014.9714285714286,
2005-08-30,24.814285714285713,21.67142857142857,28.642857142857142,11.214285714285714,,192.0,12.042857142857143,,1013.85,
2005-09-06,24.185714285714287,17.52857142857143,30.485714285714288,0.0,,,7.2,,1018.46,
2005-09-13,24.5,18.014285714285712,30.95714285714286,0.0,,,3.4571428571428577,,1019.7428571428571,
2005-09-20,23.157142857142855,17.52857142857143,29.928571428571427,2.1714285714285713,,,5.714285714285714,,1017.6833333333333,
2005-09-27,25.185714285714287,20.157142857142855,30.728571428571428,3.0571428571428574,,222.0,11.0,,1016.925,
2005-10-04,21.657142857142855,15.142857142857142,28.400000000000002,0.0,,6.0,6.528571428571429,,1020.0571428571428,
2005-10-11,16.87142857142857,13.485714285714286,20.557142857142857,0.04285714285714286,,131.33333333333334,10.9,,1014.9,
2005-10-18,18.1,10.242857142857144,26.12857142857143,0.0,,,4.771428571428571,,1017.2285714285715,
2005-10-25,14.642857142857142,9.285714285714286,20.0,0.04285714285714286,,302.5,11.057142857142859,,1013.85,
2005-11-01,10.271428571428572,1.9857142857142855,17.62857142857143,0.0,,,8.185714285714285,,1024.5428571428572,
2005-11-08,17.257142857142856,8.971428571428572,24.428571428571427,0.7999999999999999,,195.0,11.885714285714286,,1019.6999999999999,
2005-11-15,14.957142857142857,7.942857142857143,20.485714285714288,6.928571428571429,,219.5,14.028571428571428,,1020.4,
2005-11-22,5.171428571428572,-0.3857142857142856,10.471428571428572,0.0,,322.5,10.542857142857143,,1022.9285714285714,
2005-11-29,8.842857142857143,1.342857142857143,14.528571428571428,4.214285714285714,,166.0,16.571428571428573,,1012.7428571428571,
2005-12-06,1.942857142857143,-3.0714285714285716,8.8,1.4142857142857141,0.0,349.0,11.471428571428572,,1020.5333333333333,
2005-12-13,1.657142857142857,-2.442857142857143,5.228571428571429,1.9285714285714286,0.0,139.0,11.12857142857143,,1022.4333333333334,
2005-12-20,2.242857142857143,-2.142857142857143,6.257142857142858,4.242857142857143,0.0,288.0,10.799999999999999,,1027.1833333333334,
2005-12-27,4.071428571428571,-2.6285714285714286,9.700000000000001,1.242857142857143,0.0,202.33333333333334,12.614285714285714,,1016.5428571428572,
2006-01-03,9.37142857142857,3.414285714285714,14.271428571428572,0.2285714285714286,0.0,226.5,14.642857142857142,,1010.6333333333333,
2006-01-10,8.385714285714286,3.0,13.757142857142856,1.3857142857142857,0.0,246.33333333333334,15.200000000000001,,1017.5428571428572,
2006-01-17,7.071428571428571,0.4714285714285715,12.6,9.585714285714285,0.0,227.66666666666666,14.714285714285714,,1016.0200000000001,
2006-01-24,7.971428571428571,2.7142857142857144,13.414285714285715,10.728571428571428,3.5714285714285716,196.33333333333334,14.714285714285714,,1021.1666666666666,
2006-01-31,7.428571428571429,1.342857142857143,12.785714285714286,2.028571428571429,0.0,242.0,13.071428571428571,,1021.9714285714286,
2006-02-07,4.942857142857143,0.2571428571428571,9.928571428571429,3.6999999999999997,0.0,272.0,10.757142857142856,,1013.3571428571429,
2006-02-14,1.6857142857142857,-2.2142857142857144,6.571428571428571,1.7571428571428573,0.0,265.6666666666667,12.542857142857143,,1022.0166666666668,
2006-02-21,3.7857142857142856,-1.1857142857142855,10.071428571428571,2.914285714285714,3.5714285714285716,269.5,15.428571428571429,,1027.48,
2006-02-28,7.885714285714286,0.7142857142857143,14.385714285714286,1.4142857142857144,0.0,,11.428571428571429,,1021.6833333333334,
2006-03-07,10.085714285714285,3.4,15.557142857142859,0.42857142857142855,0.0,282.3333333333333,12.842857142857143,,1020.6714285714286,
2006-03-14,16.985714285714288,10.22857142857143,22.457142857142856,4.671428571428572,0.0,188.8,19.5,,1012.7285714285715,
2006-03-21,8.357142857142858,3.1714285714285713,13.414285714285715,4.285714285714286,0.0,114.25,14.857142857142858,,1021.1999999999999,
2006-03-28,6.414285714285714,0.7142857142857143,11.971428571428572,0.0,0.0,296.0,12.757142857142856,,1023.3428571428573,
2006-04-04,15.733333333333334,8.8,23.014285714285712,5.528571428571428,0.0,191.0,11.985714285714286,,1019.28,
2006-04-11,14.971428571428572,6.828571428571428,21.900000000000002,2.1,0.0,96.5,13.028571428571428,,1016.0571428571428,
2006-04-18,23.157142857142855,17.157142857142855,28.74285714285714,0.0,0.0,,13.671428571428569,,1012.1714285714286,
2006-04-25,21.185714285714287,17.071428571428573,25.714285714285715,5.557142857142857,0.0,,9.314285714285715,,1012.24,
2006-05-02,15.857142857142858,10.171428571428573,21.5,5.614285714285714,0.0,147.0,14.342857142857143,,1017.8833333333333,
2006-05-09,17.67142857142857,13.571428571428571,22.157142857142855,2.6999999999999997,0.0,14.0,9.62857142857143,,1013.9333333333334,
2006-05-16,15.014285714285714,10.0,20.228571428571428,3.6,0.0,239.25,14.557142857142859,,1009.6,
2006-05-23,18.97142857142857,13.014285714285716,24.12857142857143,1.5999999999999999,0.0,,9.714285714285714,,1012.6666666666666,
2006-05-30,24.928571428571427,18.242857142857144,31.52857142857143,7.2,0.0,,8.371428571428572,,1014.9857142857143,
2006-06-06,22.37142857142857,16.442857142857143,28.657142857142855,2.4285714285714284,0.0,,8.9,,1015.4833333333332,
2006-06-13,24.385714285714283,17.47142857142857,29.91428571428571,0.04285714285714286,0.0,22.0,11.571428571428571,,1013.2142857142857,
2006-06-20,24.885714285714283,18.47142857142857,30.942857142857147,4.314285714285714,0.0,179.5,9.714285714285714,,1017.6857142857143,
2006-06-27,25.985714285714288,21.114285714285717,31.414285714285715,0.39999999999999997,0.0,,8.242857142857144,,1016.0166666666668,
2006-07-04,26.842857142857145,20.0,33.72857142857143,1.8428571428571427,0.0,,8.128571428571428,,1019.5333333333333,
2006-07-11,24.171428571428574,19.285714285714285,29.12857142857143,3.914285714285714,0.0,35.0,10.842857142857143,,1018.9285714285714,
2006-07-18,29.0,23.485714285714288,34.44285714285714,2.3999999999999995,0.0,209.0,10.4,,1016.6428571428571,
2006-07-25,26.97142857142857,20.457142857142856,33.41428571428572,1.0857142857142856,0.0,,8.3,,1014.9714285714286,
2006-08-01,27.099999999999998,22.071428571428573,32.857142857142854,1.3428571428571427,0.0,211.0,9.614285714285714,,1017.0600000000001,
2006-08-08,28.900000000000002,23.714285714285715,34.528571428571425,6.128571428571428,0.0,,7.928571428571429,,1017.0,
2006-08-15,26.47142857142857,22.457142857142856,31.914285714285715,10.442857142857141,0.0,,8.485714285714286,,1014.6142857142858,
2006-08-22,28.17142857142857,23.400000000000002,33.25714285714285,0.6142857142857142,0.0,13.0,9.457142857142857,,1017.1857142857143,
2006-08-29,27.342857142857145,22.057142857142857,33.57142857142857,1.6,0.0,,9.285714285714286,,1013.842857142857,
2006-09-05,23.042857142857144,19.114285714285717,27.599999999999998,0.1142857142857143,0.0,81.0,11.328571428571427,,1015.1999999999999,
2006-09-12,24.457142857142856,19.37142857142857,30.24285714285714,1.957142857142857,0.0,177.0,9.428571428571429,,1016.9857142857143,
2006-09-19,21.842857142857145,15.471428571428573,27.942857142857143,1.157142857142857,0.0,204.0,9.200000000000001,,1014.657142857143,
2006-09-26,19.857142857142858,14.528571428571428,26.285714285714285,10.814285714285715,0.0,172.0,12.4,,1016.0600000000001,
2006-10-03,19.67142857142857,12.842857142857143,26.428571428571427,0.5571428571428572,0.0,191.0,9.257142857142856,,1017.1714285714286,
2006-10-10,19.514285714285712,12.714285714285714,26.2,0.0,0.0,23.5,9.771428571428572,,1020.8714285714286,
2006-10-17,13.485714285714286,6.985714285714287,19.7,5.0,0.0,133.0,12.6,,1013.4,
2006-10-24,11.828571428571427,6.514285714285714,17.314285714285713,1.4142857142857144,0.0,302.0,9.385714285714286,,1016.7333333333332,
2006-10-31,13.771428571428572,8.1,19.271428571428572,4.4,0.0,188.66666666666666,12.814285714285715,,1015.5,
2006-11-07,9.62857142857143,4.271428571428571,15.071428571428571,4.971428571428571,0.0,134.0,9.9,,1024.1285714285714,
2006-11-14,11.214285714285714,4.8428571428571425,18.1,0.8428571428571429,0.0,322.0,9.957142857142857,,1015.28,
2006-11-21,7.971428571428571,4.042857142857143,11.971428571428572,7.6000000000000005,0.0,268.25,12.9,,1019.5666666666666,
2006-11-28,11.2,2.3857142857142857,20.25714285714286,0.0,0.0,351.0,8.071428571428571,,1024.0,
2006-12-05,7.385714285714286,2.457142857142857,13.885714285714286,2.1714285714285713,0.0,239.75,14.385714285714286,,1025.0857142857144,
2006-12-12,4.728571428571429,-2.2285714285714286,11.114285714285714,2.9,0.0,319.0,10.342857142857143,,1029.8,
2006-12-19,13.085714285714285,6.1000000000000005,19.75714285714286,0.0,0.0,,9.671428571428573,,1021.2285714285715,
2006-12-26,9.171428571428573,4.671428571428572,12.700000000000001,5.457142857142857,0.0,161.5,11.214285714285714,,1019.9333333333334,
2007-01-02,8.842857142857143,3.014285714285714,14.771428571428572,3.1571428571428575,0.0,236.0,11.742857142857144,,1024.75,
2007-01-09,10.299999999999999,5.0,14.200000000000001,5.814285714285714,0.0,179.5,12.657142857142857,,1020.5200000000001,
2007-01-16,10.585714285714285,5.385714285714286,15.071428571428571,3.0142857142857147,0.0,241.75,15.242857142857144,,1026.8,
2007-01-23,2.957142857142857,-0.8714285714285713,5.942857142857143,3.2285714285714286,0.0,318.0,10.857142857142858,,1026.3666666666666,
2007-01-30,1.0571428571428572,-5.8,6.671428571428572,0.0,0.0,276.3333333333333,12.585714285714285,,1021.1999999999999,
2007-02-06,-1.5999999999999999,-6.742857142857143,2.9428571428571426,0.4428571428571428,3.5714285714285716,173.0,11.157142857142857,,1024.3500000000001,
2007-02-13,1.0142857142857145,-4.2,7.214285714285714,3.0142857142857147,0.0,2.5,10.442857142857141,,1025.1,
2007-02-20,0.257142857142857,-4.5285714285714285,5.085714285714286,0.2857142857142857,0.0,268.4,14.828571428571427,,1019.5571428571428,
2007-02-27,9.285714285714286,2.7714285714285714,15.242857142857144,2.942857142857143,0.0,227.0,12.557142857142859,,1014.9714285714286,
2007-03-06,8.457142857142857,0.3142857142857144,15.542857142857143,3.1142857142857143,0.0,251.25,14.799999999999999,,1018.8833333333333,
2007-03-13,14.916666666666666,5.871428571428572,22.785714285714285,0.0,0.0,219.5,10.842857142857143,,1021.25,
2007-03-20,12.4,5.557142857142858,17.47142857142857,0.35714285714285715,0.0,221.6,14.6,,1020.842857142857,
2007-03-27,21.014285714285712,13.085714285714285,28.014285714285712,0.0,0.0,193.0,10.842857142857143,,1023.1857142857143,
2007-04-03,20.585714285714285,15.942857142857145,26.2,7.3999999999999995,0.0,196.0,11.257142857142856,,1018.3666666666667,
2007-04-10,6.0,-0.7999999999999999,11.914285714285715,0.08571428571428572,0.0,323.0,11.771428571428572,,1019.2714285714285,
2007-04-17,11.657142857142857,5.628571428571428,17.942857142857143,6.185714285714285,0.0,274.0,14.6,,1012.4428571428572,
2007-04-24,17.742857142857144,11.185714285714285,23.585714285714285,0.04285714285714286,0.0,275.5,9.728571428571428,,1017.8142857142857,
2007-05-01,20.3,12.942857142857141,26.342857142857145,0.9714285714285714,0.0,189.0,10.342857142857143,,1015.0,
2007-05-08,21.285714285714285,16.357142857142858,27.071428571428573,8.271428571428572,0.0,,8.385714285714286,,1016.9285714285714,
2007-05-15,23.085714285714285,16.428571428571427,29.37142857142857,3.2714285714285714,0.0,109.0,9.557142857142859,,1016.5285714285714,
2007-05-22,18.157142857142855,10.157142857142857,25.085714285714285,0.42857142857142855,0.0,164.0,8.428571428571429,,1020.7428571428571,
2007-05-29,24.385714285714283,16.757142857142856,30.657142857142855,0.0,0.0,,7.928571428571429,,1022.1,
2007-06-05,24.514285714285712,18.7,30.657142857142855,0.04285714285714286,0.0,261.0,8.642857142857142,,1011.6999999999999,
2007-06-12,25.014285714285712,18.985714285714288,30.900000000000002,1.7,0.0,192.0,9.971428571428572,,1015.0857142857143,
2007-06-19,25.900000000000002,18.8,32.528571428571425,2.9857142857142853,0.0,,7.285714285714286,,1015.0833333333334,
2007-06-26,25.428571428571427,19.042857142857144,32.47142857142857,3.0142857142857147,0.0,,7.242857142857143,,1018.0142857142857,
2007-07-03,25.8,20.857142857142858,31.585714285714285,1.8142857142857143,0.0,,7.914285714285714,,1018.3142857142857,
2007-07-10,27.02857142857143,22.142857142857142,32.54285714285714,0.1142857142857143,0.0,195.0,7.814285714285715,,1015.1428571428571,
2007-07-17,26.2,20.885714285714283,31.74285714285714,0.32857142857142857,0.0,278.0,7.814285714285715,,1015.3142857142857,
2007-07-24,25.585714285714285,19.82857142857143,32.05714285714286,1.1285714285714286,0.0,261.0,10.3,,1016.7285714285715,
2007-07-31,27.02857142857143,22.157142857142855,33.0,2.8285714285714287,0.0,324.0,10.585714285714285,,1013.4142857142857,
2007-08-07,29.957142857142856,23.885714285714283,36.114285714285714,0.1142857142857143,0.0,,6.471428571428571,,1014.6428571428571,
2007-08-14,31.428571428571427,24.457142857142856,38.17142857142857,0.0,0.0,,8.128571428571428,,1014.0857142857143,
2007-08-21,31.542857142857144,24.585714285714285,38.32857142857143,0.07142857142857142,0.0,,9.571428571428571,,1015.7714285714285,
2007-08-28,30.685714285714283,23.814285714285713,37.44285714285714,0.4714285714285714,0.0,,8.77142857142857,,1015.5142857142857,
2007-09-04,27.099999999999998,22.142857142857142,33.32857142857143,4.357142857142857,0.0,19.0,8.22857142857143,,1017.5571428571428,
2007-09-11,25.599999999999998,21.814285714285713,29.985714285714288,4.257142857142857,0.0,181.0,7.457142857142857,,1017.1166666666667,
2007-09-18,21.057142857142857,14.114285714285714,27.685714285714287,0.4714285714285714,0.0,11.0,6.071428571428571,,1020.1142857142858,
2007-09-25,25.357142857142858,18.585714285714285,32.22857142857143,0.0,0.0,,6.1571428571428575,,1018.4833333333332,
2007-10-02,22.099999999999998,15.571428571428571,28.485714285714288,2.5,0.0,,7.457142857142857,,1021.9,
2007-10-09,24.542857142857144,18.885714285714283,30.314285714285713,0.1142857142857143,0.0,,6.442857142857143,,1017.7142857142857,
2007-10-16,18.014285714285712,10.385714285714286,25.0,0.2571428571428572,0.0,,8.428571428571429,,1015.842857142857,
2007-10-23,19.614285714285717,14.057142857142859,25.0,15.642857142857142,0.0,165.0,14.328571428571427,,1012.0833333333334,
2007-10-30,12.114285714285714,7.6000000000000005,17.057142857142857,1.9571428571428573,0.0,20.0,9.314285714285715,,1021.9666666666667,
2007-11-06,11.514285714285714,3.5714285714285716,19.214285714285715,5.985714285714286,0.0,324.0,9.1,,1021.1,
2007-11-13,10.685714285714285,4.928571428571429,16.842857142857145,0.8428571428571427,0.0,233.0,8.542857142857143,,1021.5857142857143,
2007-11-20,11.62857142857143,5.1571428571428575,17.457142857142856,10.157142857142857,0.0,303.0,8.9,,1018.6833333333334,
2007-11-27,7.857142857142857,3.257142857142857,12.857142857142858,5.528571428571429,0.0,184.0,11.485714285714286,,1022.3857142857142,
2007-12-04,7.414285714285714,0.0,13.257142857142856,2.0,0.0,202.0,10.542857142857143,,1023.8714285714285,
2007-12-11,11.62857142857143,7.0857142857142845,17.142857142857142,0.9428571428571428,0.0,278.0,10.442857142857141,,1020.9571428571428,
2007-12-18,5.585714285714286,1.1714285714285715,10.299999999999999,3.1999999999999997,0.0,141.25,12.042857142857143,,1020.7428571428572,
2007-12-25,7.585714285714286,2.9285714285714284,12.685714285714285,3.914285714285714,0.0,196.5,11.214285714285714,,1019.8333333333334,
2008-01-01,5.6000000000000005,0.6428571428571429,10.328571428571427,3.842857142857143,0.0,287.0,9.62857142857143,,1018.2714285714285,
2008-01-08,6.571428571428571,1.8428571428571427,11.357142857142858,2.2857142857142856,0.0,210.2,15.985714285714286,,1028.3428571428572,
2008-01-15,5.114285714285714,0.48571428571428565,10.085714285714285,7.814285714285714,0.0,25.0,7.771428571428571,,1017.3571428571429,
2008-01-22,-0.6428571428571429,-5.3999999999999995,3.5,1.5857142857142856,0.0,188.0,9.5,,1026.2,
2008-01-29,1.7571428571428573,-4.771428571428571,7.1571428571428575,2.8714285714285714,0.0,246.66666666666666,12.1,,1022.1142857142858,
2008-02-05,7.3,2.457142857142857,12.285714285714286,4.614285714285715,0.0,179.5,14.614285714285714,,1018.7142857142857,
2008-02-12,6.242857142857143,-0.39999999999999997,12.700000000000001,3.2571428571428567,0.0,229.0,12.214285714285714,,1018.4333333333334,
2008-02-19,5.385714285714286,0.5428571428571428,10.485714285714286,1.6714285714285713,0.0,258.25,14.185714285714285,,1017.6999999999999,
2008-02-26,4.871428571428572,-0.31428571428571433,10.771428571428572,1.6428571428571428,0.0,294.0,11.700000000000001,,1017.7333333333332,
2008-03-04,8.214285714285714,0.8571428571428571,14.442857142857141,5.057142857142857,0.0,231.0,13.728571428571428,,1020.7166666666667,
2008-03-11,4.216666666666666,-1.5000000000000002,10.299999999999999,2.0714285714285716,3.5714285714285716,3.0,11.057142857142859,,1020.46,
2008-03-18,13.042857142857143,6.971428571428571,19.37142857142857,3.9142857142857146,0.0,89.5,15.12857142857143,,1013.9428571428572,
2008-03-25,8.657142857142857,1.2714285714285716,15.471428571428573,6.785714285714286,0.0,283.0,14.5,,1021.3142857142857,
2008-04-01,14.071428571428571,9.142857142857142,18.87142857142857,4.857142857142857,0.0,236.0,16.82857142857143,,1018.6166666666667,
2008-04-08,13.671428571428573,8.242857142857144,18.5,10.914285714285715,0.0,180.5,11.257142857142856,,1016.8000000000001,
2008-04-15,12.942857142857141,8.085714285714285,17.6,9.842857142857142,0.0,260.25,14.4,,1017.6999999999999,
2008-04-22,15.657142857142857,7.442857142857143,22.7,1.6285714285714286,0.0,172.0,8.785714285714286,,1016.9428571428572,
2008-04-29,17.071428571428573,11.014285714285714,23.02857142857143,1.957142857142857,0.0,,9.5,,1017.7333333333332,
2008-05-06,17.657142857142855,9.757142857142856,24.285714285714285,6.242857142857142,0.0,203.66666666666666,11.528571428571428,,1015.5142857142857,
2008-05-13,18.085714285714285,12.857142857142858,23.085714285714285,3.1571428571428575,0.0,213.5,12.814285714285715,,1009.657142857143,
2008-05-20,18.742857142857144,11.414285714285715,23.714285714285715,3.8428571428571425,0.0,314.0,12.5,,1009.3857142857142,
2008-05-27,21.614285714285717,15.7,28.02857142857143,6.557142857142857,0.0,,8.085714285714285,,1012.78,
2008-06-03,23.885714285714283,18.657142857142855,29.214285714285715,2.8285714285714287,0.0,141.0,9.742857142857144,,1016.0166666666668,
2008-06-10,28.057142857142857,22.52857142857143,33.0,0.0,0.0,197.5,11.685714285714285,,1015.2142857142857,
2008-06-17,25.185714285714287,19.67142857142857,30.62857142857143,1.457142857142857,0.0,,8.071428571428571,,1015.85,
2008-06-24,23.685714285714283,16.814285714285713,29.842857142857145,2.2142857142857144,0.0,,5.8999999999999995,,1016.3000000000001,
2008-07-01,25.857142857142858,20.071428571428573,31.5,1.8142857142857143,0.0,225.0,11.299999999999999,,1016.342857142857,
2008-07-08,26.142857142857142,20.17142857142857,32.0,0.9142857142857144,0.0,,8.071428571428571,,1016.0714285714286,
2008-07-15,25.642857142857142,20.085714285714285,31.271428571428572,9.957142857142856,0.0,,7.314285714285715,,1016.4571428571428,
2008-07-22,27.75714285714286,21.02857142857143,33.48571428571429,0.0,0.0,,6.8,,1017.1857142857143,
2008-07-29,26.771428571428572,21.342857142857145,31.985714285714288,3.6,0.0,,7.2,,1014.7571428571429,
2008-08-05,27.82857142857143,22.614285714285717,33.971428571428575,1.242857142857143,0.0,,6.928571428571429,,1012.7428571428571,
2008-08-12,25.142857142857142,19.114285714285717,30.557142857142857,0.0,0.0,348.0,8.6,,1013.7857142857143,
2008-08-19,25.214285714285715,18.900000000000002,31.271428571428572,0.0,0.0,,7.885714285714286,,1014.4571428571428,
2008-08-26,25.900000000000002,22.142857142857142,30.885714285714283,6.0,0.0,42.0,10.285714285714286,,1015.6,
2008-09-02,26.342857142857145,21.442857142857143,32.042857142857144,0.08571428571428572,0.0,,7.685714285714285,,1014.4571428571428,
2008-09-09,23.82857142857143,19.071428571428573,28.814285714285713,3.042857142857143,0.0,153.0,9.357142857142858,,1015.4000000000001,
2008-09-16,23.928571428571427,19.442857142857143,28.814285714285713,0.04285714285714286,0.0,245.5,12.771428571428572,,1016.6857142857143,
2008-09-23,22.12857142857143,15.314285714285715,29.12857142857143,0.1142857142857143,0.0,348.0,5.757142857142857,,1022.3857142857144,
2008-09-30,21.74285714285714,14.200000000000001,28.728571428571428,0.0,0.0,4.0,8.857142857142858,,1017.3000000000001,
2008-10-07,17.900000000000002,10.085714285714285,25.785714285714285,3.042857142857143,0.0,205.0,6.114285714285714,,1018.2833333333333,
2008-10-14,21.442857142857143,15.957142857142856,27.457142857142856,7.471428571428571,0.0,,6.271428571428571,,1022.0333333333333,
2008-10-21,14.742857142857144,8.72857142857143,20.400000000000002,0.9428571428571428,0.0,356.0,7.8999999999999995,,1022.8857142857142,
2008-10-28,10.971428571428572,5.957142857142857,16.37142857142857,6.785714285714286,0.0,172.5,12.6,,1022.6833333333334,
2008-11-04,11.5,2.7142857142857144,21.271428571428572,0.0,0.0,,3.8714285714285714,,1027.3999999999999,
2008-11-11,10.471428571428572,3.957142857142857,16.271428571428572,1.8857142857142857,0.0,314.0,7.871428571428572,,1017.5714285714286,
2008-11-18,8.171428571428573,4.5285714285714285,11.742857142857144,2.3857142857142857,0.0,277.5,10.6,,1018.9571428571428,
2008-11-25,3.7142857142857144,-3.185714285714286,8.585714285714285,1.6428571428571428,0.0,230.0,10.5,,1026.257142857143,
2008-12-02,5.885714285714286,0.8857142857142856,11.028571428571428,0.5142857142857142,0.0,245.0,9.4,,1012.8857142857142,
2008-12-09,3.357142857142857,-2.457142857142857,9.057142857142857,11.9,0.0,175.0,13.328571428571427,,1022.3142857142857,
2008-12-16,4.085714285714286,-0.9,9.342857142857143,6.085714285714286,3.5714285714285716,211.5,16.1,,1021.3399999999999,
2008-12-23,3.3285714285714283,-2.1428571428571432,8.657142857142857,1.0714285714285714,0.0,229.0,12.242857142857144,,1023.1428571428571,
2008-12-30,9.828571428571431,2.7,16.271428571428572,5.228571428571429,0.0,174.0,13.971428571428572,,1021.8714285714286,
2009-01-06,6.771428571428571,1.0285714285714287,11.971428571428572,5.528571428571428,0.0,226.5,11.171428571428573,,1016.8285714285714,
2009-01-13,3.5714285714285716,-2.6999999999999997,8.8,2.0714285714285716,0.0,241.0,12.757142857142856,,1016.7142857142857,
2009-01-20,-3.185714285714286,-8.171428571428573,1.5857142857142856,0.0,0.0,287.0,12.642857142857142,,1023.7142857142857,
2009-01-27,1.6285714285714286,-3.9,6.985714285714286,5.914285714285714,0.0,186.66666666666666,10.757142857142856,,1023.1666666666666,
2009-02-03,1.7571428571428573,-3.957142857142857,7.471428571428572,3.6571428571428575,0.0,204.0,11.171428571428573,,1020.9,
2009-02-10,8.828571428571427,3.185714285714286,14.757142857142856,0.0,0.0,225.25,14.1,,1026.6285714285714,
2009-02-17,7.528571428571429,1.2,13.014285714285714,1.385714285714286,0.0,211.0,13.157142857142857,,1019.8714285714286,
2009-02-24,3.1142857142857143,-3.0714285714285716,10.085714285714285,2.314285714285714,0.0,280.3333333333333,12.457142857142857,,1022.6428571428571,
2009-03-03,4.885714285714286,0.457142857142857,9.457142857142857,6.200000000000001,0.0,172.0,18.214285714285715,,1021.7142857142857,
2009-03-10,15.1,8.9,21.971428571428568,0.0,0.0,189.0,14.028571428571428,,1021.2166666666667,
2009-03-17,8.171428571428573,3.9857142857142853,13.328571428571431,5.514285714285714,0.0,111.25,10.871428571428572,,1022.9499999999999,
2009-03-24,13.614285714285714,5.485714285714286,20.157142857142855,0.39999999999999997,0.0,25.0,10.342857142857143,,1023.5571428571428,
2009-03-31,12.642857142857142,7.871428571428572,17.842857142857145,4.6000000000000005,0.0,117.66666666666667,14.299999999999999,,1009.85,
2009-04-07,11.142857142857142,4.142857142857143,17.54285714285714,7.542857142857144,0.0,282.0,12.87142857142857,,1009.4857142857143,
2009-04-14,13.257142857142856,6.885714285714286,19.67142857142857,3.114285714285714,0.0,251.5,13.87142857142857,,1012.3714285714286,
2009-04-21,13.614285714285714,7.8,18.62857142857143,4.214285714285714,0.0,318.0,11.414285714285715,,1018.4333333333333,
2009-04-28,21.071428571428573,13.185714285714287,28.25714285714286,0.04285714285714286,0.0,178.5,11.457142857142857,,1021.2714285714285,
2009-05-05,17.67142857142857,15.299999999999999,21.2,15.200000000000001,0.0,189.0,9.157142857142857,,1016.4,
2009-05-12,19.357142857142858,13.957142857142857,23.900000000000002,9.042857142857143,0.0,,9.528571428571428,,1016.0500000000001,
2009-05-19,18.514285714285712,12.942857142857141,24.185714285714287,4.985714285714286,0.0,94.5,13.700000000000001,,1021.6166666666667,
2009-05-26,22.47142857142857,16.742857142857144,27.928571428571427,0.7285714285714285,0.0,132.33333333333334,9.257142857142856,,1016.6857142857143,
2009-06-02,23.071428571428573,16.728571428571428,28.97142857142857,2.0285714285714285,0.0,214.66666666666666,9.057142857142857,,1012.8142857142857,
2009-06-09,22.542857142857144,16.02857142857143,28.17142857142857,2.242857142857143,0.0,334.0,8.071428571428571,,1013.5714285714286,
2009-06-16,24.599999999999998,19.75714285714286,29.442857142857143,10.928571428571429,0.0,,7.1571428571428575,,1012.5500000000001,
2009-06-23,28.37142857142857,23.17142857142857,33.8,2.0285714285714285,0.0,,9.885714285714286,,1011.4714285714286,
2009-06-30,27.75714285714286,21.271428571428572,33.08571428571428,0.0,0.0,264.0,8.785714285714286,,1009.6428571428571,
2009-07-07,24.2,19.52857142857143,29.685714285714287,8.685714285714287,0.0,,9.257142857142856,,1013.1999999999999,
2009-07-14,25.357142857142858,20.014285714285716,30.714285714285715,5.2,0.0,,7.314285714285715,,1017.1714285714286,
2009-07-21,22.771428571428572,17.057142857142857,28.071428571428573,0.39999999999999997,0.0,283.0,7.928571428571429,,1017.0142857142857,
2009-07-28,24.02857142857143,19.442857142857143,28.8,6.571428571428571,0.0,,8.285714285714286,,1013.9142857142857,
2009-08-04,24.8,19.842857142857145,30.557142857142853,4.828571428571428,0.0,,8.842857142857143,,1014.6714285714286,
2009-08-11,26.457142857142856,21.25714285714286,32.128571428571426,0.5857142857142856,0.0,,5.614285714285714,,1018.5428571428572,
2009-08-18,26.099999999999998,21.2,32.07142857142857,0.2571428571428572,0.0,,8.528571428571428,,1018.3714285714286,
2009-08-25,23.114285714285717,18.428571428571427,28.24285714285714,2.8000000000000003,0.0,348.0,10.285714285714286,,1015.7285714285715,
2009-09-01,22.87142857142857,17.371428571428574,28.657142857142862,0.35714285714285715,0.0,11.0,8.457142857142857,,1016.842857142857,
2009-09-08,22.599999999999998,17.614285714285714,28.900000000000002,4.271428571428571,0.0,,4.885714285714286,,1018.3285714285714,
2009-09-15,23.014285714285712,18.485714285714288,28.728571428571428,9.971428571428572,0.0,43.0,7.357142857142857,,1016.3571428571429,
2009-09-22,22.47142857142857,20.32857142857143,25.942857142857143,16.428571428571427,0.0,167.0,9.071428571428571,,1016.5285714285714,
2009-09-29,21.042857142857144,16.6,25.17142857142857,9.514285714285714,0.0,,7.614285714285714,,1015.1428571428571,
2009-10-06,15.928571428571429,11.1,20.542857142857144,5.6000000000000005,0.0,203.5,9.771428571428572,,1014.5428571428572,
2009-10-13,16.3,10.799999999999999,21.67142857142857,2.0285714285714285,0.0,3.0,10.385714285714284,,1018.975,
2009-10-20,10.200000000000001,5.557142857142857,15.22857142857143,5.114285714285714,0.0,335.0,9.714285714285714,,1020.85,
2009-10-27,13.457142857142857,7.385714285714286,19.37142857142857,4.0285714285714285,0.0,,8.971428571428572,,1014.9142857142857,
2009-11-03,12.357142857142858,5.957142857142857,17.771428571428572,6.785714285714286,0.0,177.0,8.685714285714285,,1018.3857142857142,
2009-11-10,13.028571428571428,5.799999999999999,20.314285714285713,0.0,0.0,189.0,6.942857142857142,,1024.5,
2009-11-17,11.785714285714286,4.542857142857143,19.12857142857143,0.7999999999999999,0.0,12.0,8.428571428571429,,1015.8714285714286,
2009-11-24,9.928571428571429,5.628571428571428,14.285714285714286,0.0,0.0,,6.828571428571428,,1020.1142857142858,
2009-12-01,7.514285714285714,1.2714285714285716,13.328571428571427,1.6285714285714286,0.0,195.0,8.642857142857142,,1017.2285714285715,
2009-12-08,4.014285714285714,0.32857142857142857,7.628571428571428,9.014285714285714,0.0,,9.671428571428573,,1017.7857142857143,
2009-12-15,4.628571428571428,-0.8714285714285718,10.299999999999999,1.8142857142857143,0.0,268.0,12.814285714285715,,1020.5857142857143,
2009-12-22,2.5285714285714285,-1.6571428571428573,7.142857142857143,1.0571428571428572,0.0,,6.985714285714286,,1021.4714285714286,
2009-12-29,4.271428571428571,-0.3285714285714284,9.285714285714286,1.4142857142857144,0.0,193.25,17.12857142857143,,1017.5571428571428,
2010-01-05,-2.857142857142857,-6.357142857142857,1.4285714285714286,1.2,0.0,318.4,13.62857142857143,,1025.8428571428572,
2010-01-12,-5.585714285714286,-10.242857142857144,-1.5285714285714285,0.1142857142857143,0.0,318.0,10.171428571428573,,1028.5714285714287,
2010-01-19,4.814285714285715,-2.0571428571428574,12.228571428571428,7.028571428571428,0.0,356.0,6.928571428571429,,1019.8285714285714,
2010-01-26,8.114285714285714,5.471428571428571,11.342857142857143,5.228571428571429,0.0,210.5,13.485714285714286,,1008.1,
2010-02-02,-0.44285714285714295,-5.542857142857143,3.957142857142857,3.057142857142857,47.285714285714285,19.5,9.1,,1023.6714285714286,
2010-02-09,1.342857142857143,-2.0714285714285716,4.214285714285714,7.685714285714286,0.0,325.0,11.014285714285714,,1017.1833333333333,
2010-02-16,-1.7142857142857142,-4.457142857142857,1.9142857142857144,0.39999999999999997,0.0,281.3333333333333,10.957142857142857,,1017.3142857142857,
2010-02-23,4.528571428571429,-1.8142857142857145,10.557142857142859,1.5285714285714285,0.0,305.5,8.742857142857144,,1017.1428571428571,
2010-03-02,1.3714285714285714,-3.0142857142857147,6.171428571428572,0.35714285714285715,0.0,2.0,11.514285714285714,,1016.7571428571429,
2010-03-09,6.742857142857143,-0.38571428571428573,13.342857142857143,0.1142857142857143,0.0,325.5,9.214285714285714,,1020.1999999999999,
2010-03-16,10.716666666666667,7.457142857142857,13.814285714285715,4.614285714285714,0.0,256.0,12.657142857142857,,1008.9166666666666,
2010-03-23,10.085714285714285,4.128571428571428,15.87142857142857,3.271428571428572,0.0,,6.942857142857143,,1014.1428571428571,
2010-03-30,11.328571428571427,4.685714285714285,17.314285714285713,4.414285714285714,0.0,254.5,13.942857142857141,,1012.8571428571429,
2010-04-06,19.928571428571427,11.514285714285714,27.8,0.6571428571428571,0.0,204.0,13.099999999999998,,1015.9714285714286,
2010-04-13,16.342857142857145,6.985714285714286,23.885714285714283,1.1999999999999997,0.0,196.0,8.957142857142857,,1019.6714285714286,
2010-04-20,17.557142857142857,9.6,24.285714285714285,0.0,0.0,359.0,9.357142857142858,,1020.3000000000001,
2010-04-27,16.285714285714285,10.471428571428572,21.814285714285713,10.77142857142857,0.0,245.0,12.914285714285713,,1006.4857142857143,
2010-05-04,19.0,12.942857142857141,25.085714285714285,49.24285714285714,0.0,175.0,12.228571428571428,,1012.1200000000001,
2010-05-11,18.414285714285715,11.9,23.900000000000002,0.39999999999999997,0.0,177.33333333333334,14.142857142857142,,1017.5571428571428,
2010-05-18,21.157142857142855,16.657142857142855,26.185714285714287,7.3999999999999995,0.0,189.0,9.4,,1018.5333333333333,
2010-05-25,22.0,16.114285714285714,28.32857142857143,1.8142857142857143,0.0,188.0,8.271428571428572,,1015.9714285714286,
2010-06-01,23.571428571428573,18.485714285714288,30.400000000000002,0.7571428571428571,0.0,,6.8428571428571425,,1013.2428571428571,
2010-06-08,25.0,18.157142857142855,31.514285714285716,0.04285714285714286,0.0,267.0,9.314285714285715,,1012.3714285714286,
2010-06-15,27.614285714285717,22.928571428571427,33.4,6.257142857142857,0.0,,8.857142857142858,,1016.0857142857143,
2010-06-22,27.428571428571427,21.585714285714285,34.07142857142857,5.228571428571428,0.0,,5.185714285714285,,1017.5166666666668,
2010-06-29,27.47142857142857,22.542857142857144,33.714285714285715,6.5,0.0,,8.328571428571427,,1014.8857142857142,
2010-07-06,25.985714285714288,19.52857142857143,32.05714285714286,0.0,0.0,34.0,9.728571428571428,,1019.0,
2010-07-13,26.7,21.82857142857143,33.34285714285714,16.357142857142858,0.0,,6.885714285714285,,1014.5,
2010-07-20,28.185714285714287,23.099999999999998,33.72857142857143,0.32857142857142857,0.0,210.0,7.3428571428571425,,1016.157142857143,
2010-07-27,28.97142857142857,23.714285714285715,34.84285714285714,1.0999999999999999,0.0,,6.071428571428571,,1017.6,
2010-08-03,28.5,23.228571428571428,34.75714285714286,3.4857142857142853,0.0,,6.242857142857142,,1015.8399999999999,
2010-08-10,28.514285714285712,22.842857142857145,35.55714285714286,4.685714285714285,0.0,,5.971428571428571,,1013.1999999999999,
2010-08-17,28.214285714285715,23.557142857142857,35.15714285714286,7.3999999999999995,0.0,,6.928571428571429,,1012.6285714285714,
2010-08-24,25.671428571428574,21.042857142857144,31.914285714285715,13.200000000000001,0.0,,7.757142857142857,,1013.3285714285714,
2010-08-31,24.957142857142856,19.357142857142858,31.271428571428572,0.07142857142857142,0.0,,8.471428571428572,,1019.4142857142857,
2010-09-07,23.24285714285714,15.228571428571428,30.714285714285715,0.04285714285714286,0.0,,7.185714285714285,,1016.7857142857143,
2010-09-14,22.82857142857143,17.214285714285715,28.800000000000004,3.3428571428571425,0.0,,6.1571428571428575,,1016.5714285714286,
2010-09-21,24.928571428571427,17.45714285714286,32.457142857142856,0.2857142857142857,0.0,,6.014285714285714,,1017.1714285714286,
2010-09-28,22.02857142857143,16.1,28.54285714285714,0.5857142857142856,0.0,,8.557142857142857,,1014.9714285714286,
2010-10-05,15.357142857142858,7.471428571428571,22.542857142857144,0.0,0.0,1.5,11.228571428571428,,1017.6857142857143,
2010-10-12,18.228571428571428,9.114285714285714,28.814285714285713,1.2714285714285716,0.0,,3.9,,1017.0857142857143,
2010-10-19,16.014285714285712,8.72857142857143,24.357142857142858,0.39999999999999997,0.0,,7.042857142857143,,1017.1857142857143,
2010-10-26,17.342857142857145,10.242857142857144,25.157142857142855,7.371428571428571,0.0,186.5,12.242857142857144,,1014.2285714285715,
2010-11-02,13.528571428571428,6.185714285714285,21.271428571428572,0.0,0.0,,9.37142857142857,,1020.4571428571428,
2010-11-09,8.714285714285714,2.542857142857143,15.471428571428572,1.3142857142857145,0.0,316.0,7.871428571428572,,1019.4571428571428,
2010-11-16,11.171428571428573,4.128571428571428,18.957142857142856,4.0285714285714285,0.0,,7.0,,1018.0285714285714,
2010-11-23,12.3,6.671428571428572,18.585714285714285,3.7714285714285714,0.0,182.0,10.485714285714286,,1022.1142857142858,
2010-11-30,8.27142857142857,0.7999999999999999,14.357142857142858,10.528571428571428,0.0,208.0,14.085714285714285,,1017.4857142857143,
2010-12-07,1.1285714285714286,-3.4,5.871428571428572,0.0,0.0,336.0,11.1,,1022.2857142857143,
2010-12-14,-1.5333333333333332,-6.357142857142857,3.728571428571428,4.685714285714285,7.285714285714286,246.5,12.114285714285714,,1021.6333333333333,
2010-12-21,1.9285714285714286,-1.9142857142857141,6.428571428571429,1.1428571428571428,0.0,145.0,9.828571428571427,,1017.6857142857143,
2010-12-28,-0.28571428571428575,-4.2,3.414285714285714,0.5142857142857142,14.428571428571429,188.5,12.457142857142856,,1024.1714285714286,
2011-01-04,5.871428571428572,0.08571428571428574,11.271428571428572,3.342857142857143,0.0,170.5,13.042857142857143,,1019.6142857142858,
2011-01-11,-0.6571428571428571,-4.785714285714286,3.028571428571429,1.2428571428571427,18.142857142857142,59.0,11.114285714285714,,1014.2666666666668,
2011-01-18,0.24285714285714288,-4.271428571428571,4.6000000000000005,1.342857142857143,3.5714285714285716,302.0,8.228571428571428,,1023.8857142857142,
2011-01-25,0.25714285714285723,-3.4,3.7285714285714286,2.257142857142857,3.5714285714285716,,7.671428571428572,,1019.1571428571427,
2011-02-01,6.371428571428572,-0.08571428571428578,11.9,3.7857142857142856,7.142857142857143,170.0,10.085714285714285,,1015.5428571428572,
2011-02-08,0.24285714285714283,-3.642857142857143,4.2,1.4571428571428573,0.0,228.33333333333334,12.542857142857143,,1020.8285714285714,
2011-02-15,2.5142857142857147,-4.685714285714286,9.185714285714285,0.5142857142857143,10.857142857142858,171.66666666666666,10.299999999999999,,1024.0571428571427,
2011-02-22,12.785714285714286,6.442857142857143,17.714285714285715,1.3714285714285714,0.0,233.33333333333334,14.5,,1018.7571428571429,
2011-03-01,10.27142857142857,4.271428571428571,18.17142857142857,13.671428571428569,0.0,246.0,13.671428571428573,,1017.0333333333333,
2011-03-08,9.185714285714285,3.7285714285714286,14.357142857142858,5.414285714285714,0.0,258.5,16.1,,1021.2428571428571,
2011-03-15,9.683333333333334,5.385714285714286,14.857142857142858,3.814285714285714,0.0,251.0,13.9,,1018.1999999999999,
2011-03-22,17.271428571428572,10.0,25.014285714285712,0.0,0.0,117.5,13.942857142857141,,1021.6,
2011-03-29,8.514285714285714,3.5714285714285716,12.857142857142858,3.6285714285714286,0.0,135.6,14.728571428571428,,1014.3142857142857,
2011-04-05,11.057142857142859,4.685714285714285,16.271428571428572,8.385714285714286,0.0,214.0,14.085714285714285,,1011.2428571428571,
2011-04-12,19.714285714285715,12.457142857142857,26.428571428571427,6.057142857142857,0.0,197.66666666666666,16.4,,1013.4142857142857,
2011-04-19,15.771428571428572,8.9,21.814285714285713,4.971428571428571,0.0,178.0,14.085714285714285,,1012.5428571428572,
2011-04-26,19.599999999999998,14.271428571428572,25.87142857142857,5.128571428571428,0.0,179.0,16.0,,1014.6714285714286,
2011-05-03,17.04285714285714,11.028571428571428,22.457142857142856,16.0,0.0,168.0,13.799999999999999,,1014.3571428571429,
2011-05-10,17.95714285714286,10.771428571428572,24.685714285714287,0.0,0.0,,7.3999999999999995,,1016.7714285714285,
2011-05-17,17.157142857142855,13.242857142857144,21.285714285714285,1.6714285714285715,0.0,219.25,10.799999999999999,,1009.9571428571428,
2011-05-24,20.985714285714288,15.057142857142859,27.442857142857143,2.5285714285714285,0.0,208.0,9.357142857142858,,1013.8285714285714,
2011-05-31,23.885714285714283,16.814285714285713,29.75714285714286,2.2142857142857144,0.0,212.5,11.685714285714285,,1014.1142857142858,
2011-06-07,27.37142857142857,20.557142857142857,34.84285714285714,0.1142857142857143,0.0,,5.814285714285715,,1018.3000000000001,
2011-06-14,26.585714285714285,20.557142857142857,33.1,0.14285714285714285,0.0,,7.614285714285714,,1014.5,
2011-06-21,24.485714285714288,19.457142857142856,30.557142857142857,9.885714285714286,0.0,,10.385714285714286,,1011.7428571428571,
2011-06-28,24.228571428571428,19.457142857142856,29.3,8.171428571428573,0.0,210.5,9.971428571428572,,1012.9285714285714,
2011-07-05,26.12857142857143,19.3,32.699999999999996,3.1571428571428575,0.0,,6.414285714285714,,1016.0857142857143,
2011-07-12,27.571428571428573,22.62857142857143,34.128571428571426,3.7,0.0,,6.971428571428571,,1013.1142857142858,
2011-07-19,27.514285714285712,22.685714285714287,33.07142857142857,2.357142857142857,0.0,,8.585714285714285,,1015.4714285714286,
2011-07-26,28.885714285714283,23.62857142857143,34.77142857142857,0.0,0.0,,6.814285714285715,,1013.9285714285714,
2011-08-02,28.67142857142857,23.0,34.84285714285714,3.3428571428571425,0.0,,6.185714285714285,,1015.8571428571429,
2011-08-09,27.67142857142857,23.014285714285712,33.65714285714286,2.257142857142857,0.0,,7.571428571428571,,1010.8571428571429,
2011-08-16,25.52857142857143,19.442857142857143,31.657142857142855,0.04285714285714286,0.0,,8.085714285714285,,1013.1285714285714,
2011-08-23,26.614285714285717,19.442857142857143,33.4,4.171428571428572,0.0,,5.914285714285714,,1014.8714285714286,
2011-08-30,26.8,19.928571428571427,33.72857142857143,0.0,0.0,347.0,9.514285714285714,,1012.1,
2011-09-06,24.414285714285715,18.885714285714283,29.928571428571427,16.014285714285712,0.0,181.0,11.157142857142857,,1013.9833333333332,
2011-09-13,20.071428571428573,14.057142857142859,26.67142857142857,0.7285714285714285,0.0,,6.285714285714286,,1016.0714285714286,
2011-09-20,19.514285714285712,14.857142857142858,25.099999999999998,2.6142857142857143,0.0,,9.714285714285714,,1018.8857142857142,
2011-09-27,19.02857142857143,12.471428571428572,25.857142857142858,3.0,0.0,,8.528571428571428,,1013.9499999999999,
2011-10-04,16.285714285714285,9.114285714285714,23.24285714285714,0.18571428571428572,0.0,350.0,8.171428571428573,,1018.1714285714287,
2011-10-11,18.814285714285713,12.157142857142857,25.87142857142857,0.0,0.0,,4.785714285714286,,1022.7285714285715,
2011-10-18,17.557142857142857,10.714285714285714,24.614285714285717,0.6571428571428571,0.0,265.0,9.642857142857142,,1010.9571428571428,
2011-10-25,11.342857142857143,4.614285714285714,18.714285714285715,0.6571428571428571,0.0,295.0,8.185714285714285,,1016.8571428571429,
2011-11-01,10.9,3.728571428571428,18.02857142857143,2.0714285714285716,0.0,171.0,10.1,,1019.8142857142857,
2011-11-08,11.87142857142857,5.1000000000000005,19.042857142857144,1.7,0.0,,10.685714285714285,,1021.6285714285714,
2011-11-15,13.228571428571428,6.971428571428572,18.900000000000002,3.457142857142857,0.0,204.5,17.5,,1016.7285714285715,
2011-11-22,12.228571428571428,6.742857142857143,16.728571428571428,9.285714285714286,0.0,190.0,14.5,,1020.2,
2011-11-29,8.857142857142858,4.128571428571429,13.799999999999999,7.871428571428572,0.0,279.0,12.6,,1020.8,
2011-12-06,7.685714285714285,2.2285714285714286,13.571428571428571,5.942857142857143,0.0,257.0,9.985714285714286,,1023.5142857142857,
2011-12-13,2.7285714285714286,-2.6,7.785714285714286,0.42857142857142855,0.0,4.0,6.028571428571428,,1028.5571428571427,
2011-12-20,8.428571428571429,2.0714285714285716,14.214285714285714,2.3857142857142857,0.0,1.0,11.057142857142855,,1023.2666666666668,
2011-12-27,6.642857142857143,3.414285714285714,10.157142857142857,6.642857142857143,0.0,248.0,8.642857142857142,,1021.2571428571429,
2012-01-03,5.414285714285714,-0.5714285714285714,10.485714285714286,0.0,0.0,261.6666666666667,13.471428571428572,,1020.2142857142857,
2012-01-10,7.871428571428572,1.4142857142857141,13.814285714285715,1.3857142857142857,0.0,192.0,7.628571428571428,,1020.1333333333333,
2012-01-17,5.385714285714285,-0.8571428571428573,11.1,8.971428571428572,0.0,214.33333333333334,16.357142857142858,,1016.7285714285714,
2012-01-24,6.2,0.07142857142857138,13.657142857142858,5.7,0.0,78.5,11.528571428571428,,1017.6428571428571,
2012-01-31,7.785714285714286,1.342857142857143,13.328571428571427,2.585714285714286,0.0,188.0,11.985714285714286,,1020.6714285714286,
2012-02-07,10.085714285714285,4.357142857142857,14.742857142857144,3.957142857142857,0.0,,8.542857142857143,,1022.3714285714286,
2012-02-14,0.9428571428571428,-3.0428571428571423,5.142857142857143,0.7714285714285715,0.0,325.0,10.37142857142857,,1024.4714285714285,
2012-02-21,8.057142857142857,2.2142857142857144,13.6,3.0857142857142854,0.0,321.5,11.614285714285714,,1018.8285714285714,
2012-02-28,10.771428571428572,1.9857142857142855,18.5,0.9857142857142858,0.0,,13.685714285714285,,1016.9571428571428,0.0
2012-03-06,11.514285714285714,3.4857142857142853,18.17142857142857,1.9285714285714286,0.0,221.0,14.942857142857141,,1015.6714285714286,0.0
2012-03-13,14.083333333333334,7.1571428571428575,20.228571428571428,5.228571428571429,0.0,153.6,16.5,,1024.75,
2012-03-20,19.728571428571428,13.328571428571427,26.985714285714288,3.8857142857142857,0.0,196.0,8.942857142857143,,1020.3857142857142,
2012-03-27,17.9,11.428571428571429,23.885714285714283,1.6714285714285713,0.0,138.0,11.514285714285714,,1016.4857142857143,
2012-04-03,21.428571428571427,14.671428571428573,28.642857142857142,0.0,0.0,,7.6000000000000005,,1011.9285714285714,
2012-04-10,15.528571428571428,7.857142857142857,22.928571428571427,4.928571428571429,0.0,17.0,9.0,,1018.1,0.0
2012-04-17,15.285714285714286,8.414285714285715,20.87142857142857,1.1714285714285713,0.0,181.0,12.028571428571428,,1020.7571428571429,
2012-04-24,13.728571428571428,7.7,19.685714285714287,2.742857142857143,0.0,335.3333333333333,12.700000000000001,,1013.7571428571429,
2012-05-01,21.87142857142857,14.857142857142858,28.25714285714286,1.5571428571428572,0.0,,10.642857142857142,,1014.5285714285714,
2012-05-08,23.542857142857144,18.1,29.214285714285715,1.4142857142857141,0.0,,9.185714285714285,,1014.3666666666667,
2012-05-15,18.842857142857145,13.171428571428573,24.057142857142857,8.77142857142857,0.0,179.0,9.2,,1016.4666666666667,
2012-05-22,22.37142857142857,15.142857142857142,29.771428571428572,0.3714285714285714,0.0,,6.528571428571429,,1016.1142857142858,
2012-05-29,25.2,17.3,33.01428571428571,2.7857142857142856,0.0,,6.685714285714285,,1014.3000000000001,
2012-06-05,21.771428571428572,14.6,28.25714285714286,1.5,0.0,37.0,10.171428571428573,,1010.9714285714286,
2012-06-12,22.714285714285715,16.257142857142856,28.814285714285713,0.5857142857142856,0.0,135.0,9.228571428571428,,1015.3142857142857,
2012-06-19,25.685714285714287,18.342857142857145,32.785714285714285,0.08571428571428572,0.0,,9.357142857142858,,1017.3571428571429,
2012-06-26,27.885714285714283,19.75714285714286,34.84285714285714,0.0,0.0,37.0,10.028571428571428,,1013.8714285714286,
2012-07-03,31.02857142857143,22.3,39.457142857142856,0.0,0.0,,7.1571428571428575,,1013.9714285714286,
2012-07-10,28.942857142857143,22.771428571428572,36.9,9.671428571428573,0.0,,6.985714285714287,,1014.5571428571428,
2012-07-17,25.814285714285713,21.75714285714286,31.185714285714287,10.828571428571431,0.0,120.0,7.014285714285714,,1017.3833333333333,
2012-07-24,27.82857142857143,22.771428571428572,33.58571428571428,9.942857142857141,0.0,,9.057142857142859,,1016.5142857142857,
2012-07-31,28.642857142857142,22.957142857142856,34.214285714285715,0.0,0.0,221.0,7.928571428571429,,1013.8857142857142,
2012-08-07,27.5,23.185714285714287,33.48571428571429,6.242857142857143,0.0,188.0,8.32857142857143,,1014.5714285714286,
2012-08-14,24.12857142857143,18.185714285714287,29.514285714285712,2.8000000000000003,0.0,,8.285714285714286,,1013.6714285714286,
2012-08-21,23.142857142857142,16.9,29.37142857142857,3.7,0.0,,6.214285714285714,,1014.6999999999999,
2012-08-28,25.485714285714288,18.642857142857142,32.68571428571429,0.2571428571428572,0.0,,6.071428571428571,,1017.7857142857143,
2012-09-04,26.414285714285715,23.014285714285712,30.885714285714283,5.085714285714286,0.0,187.5,12.257142857142856,,1015.64,
2012-09-11,23.0,16.114285714285714,29.828571428571426,8.1,0.0,323.0,6.542857142857144,,1015.1428571428571,
2012-09-18,21.642857142857142,16.814285714285713,26.9,7.414285714285714,0.0,329.0,6.828571428571429,,1019.0571428571428,
2012-09-25,17.785714285714285,9.685714285714285,25.24285714285714,0.0,0.0,,9.457142857142857,,1019.0857142857143,
2012-10-02,19.75714285714286,15.314285714285715,24.614285714285717,4.971428571428571,0.0,347.0,7.814285714285715,,1013.9142857142857,
2012-10-09,14.4,8.414285714285715,21.114285714285717,2.8285714285714287,0.0,3.0,7.514285714285714,,1020.5714285714286,
2012-10-16,15.985714285714286,9.271428571428572,21.82857142857143,4.171428571428572,0.0,195.0,9.828571428571427,,1018.6833333333334,
2012-10-23,16.37142857142857,9.142857142857142,23.428571428571427,1.9142857142857141,0.0,202.0,10.700000000000001,,1013.1714285714286,
2012-10-30,12.157142857142857,6.6571428571428575,17.842857142857145,0.32857142857142857,0.0,245.5,16.12857142857143,,1016.7857142857143,
2012-11-06,9.5,2.542857142857143,17.057142857142857,0.9,0.0,,7.914285714285714,,1016.3571428571429,
2012-11-13,9.914285714285715,2.457142857142857,17.157142857142855,2.642857142857143,0.0,,11.157142857142857,,1023.5,
2012-11-20,7.985714285714286,0.38571428571428573,16.5,0.0,0.0,,4.542857142857143,,1026.9571428571428,
2012-11-27,7.757142857142858,1.2714285714285716,14.27142857142857,1.4428571428571428,0.0,302.0,9.214285714285714,,1022.1142857142856,
2012-12-04,11.742857142857144,5.385714285714286,18.185714285714287,0.7999999999999999,0.0,188.0,10.085714285714285,,1025.3500000000001,
2012-12-11,11.442857142857145,7.1571428571428575,16.114285714285714,5.514285714285714,0.0,177.66666666666666,11.757142857142856,,1016.475,
2012-12-18,8.828571428571427,2.942857142857143,14.828571428571427,0.9,0.0,229.0,10.771428571428572,,1017.6285714285714,
2012-12-25,6.6000000000000005,0.8571428571428571,11.828571428571427,4.8999999999999995,0.0,179.25,15.585714285714285,,1015.2833333333333,
2013-01-01,1.9714285714285715,-1.1714285714285713,4.771428571428571,6.242857142857143,0.0,309.5,9.87142857142857,,1019.3714285714285,
2013-01-08,2.1857142857142855,-3.9857142857142853,8.72857142857143,0.0,0.0,,7.1000000000000005,,1026.7714285714285,
2013-01-15,10.87142857142857,7.614285714285714,13.885714285714286,16.95714285714286,0.0,111.4,15.72857142857143,,1020.7857142857143,
2013-01-22,2.6,-2.2714285714285714,7.371428571428572,1.342857142857143,0.0,356.0,10.799999999999999,,1025.0142857142857,
2013-01-29,5.842857142857143,1.2714285714285711,11.114285714285714,1.6714285714285713,0.0,127.33333333333333,12.457142857142857,,1023.5600000000001,
2013-02-05,4.685714285714285,-1.6714285714285715,11.271428571428572,5.328571428571428,0.0,240.0,12.700000000000001,,1017.0666666666666,
2013-02-12,8.557142857142857,3.5,13.985714285714286,3.085714285714286,0.0,251.0,11.014285714285714,,1019.7285714285715,
2013-02-19,4.871428571428572,-1.5,10.714285714285714,2.314285714285714,0.0,235.33333333333334,13.4,,1018.6142857142858,
2013-02-26,6.114285714285714,0.6428571428571429,11.985714285714284,3.1999999999999997,0.0,156.33333333333334,13.328571428571427,,1015.0714285714286,
2013-03-05,3.8,0.2571428571428572,7.214285714285714,3.4142857142857146,0.0,291.5,13.685714285714285,,1016.3571428571429,
2013-03-12,6.116666666666667,2.6000000000000005,14.042857142857143,3.085714285714286,0.0,282.5,14.700000000000001,,1023.82,
2013-03-19,10.514285714285714,3.0285714285714285,16.728571428571428,5.185714285714285,0.0,327.0,13.514285714285714,,1017.4142857142858,
2013-03-26,4.571428571428571,-0.08571428571428562,9.285714285714286,1.2428571428571427,0.0,281.0,12.9,,1017.6833333333334,
2013-04-02,8.885714285714286,3.585714285714286,13.9,2.8285714285714287,0.0,,7.557142857142857,,1022.4,
2013-04-09,13.785714285714286,7.628571428571428,20.142857142857142,0.39999999999999997,0.0,119.0,12.657142857142857,,1018.4714285714286,0.0
2013-04-16,17.785714285714285,11.028571428571428,24.514285714285712,7.3428571428571425,0.0,176.0,12.885714285714286,,1013.7142857142857,
2013-04-23,16.142857142857142,8.728571428571428,23.557142857142857,4.5285714285714285,0.0,174.0,14.514285714285714,,1018.9142857142857,
2013-04-30,14.242857142857142,8.5,20.457142857142856,15.414285714285713,0.0,275.0,8.942857142857143,,1019.7333333333335,
2013-05-07,15.371428571428572,9.771428571428572,20.485714285714288,5.414285714285714,0.0,150.0,9.6,,1014.76,
2013-05-14,17.12857142857143,10.228571428571428,23.97142857142857,1.7,0.0,,10.242857142857144,,1017.8333333333334,
2013-05-21,22.985714285714288,17.7,28.642857142857142,2.514285714285714,0.0,,9.585714285714285,,1015.7428571428571,
2013-05-28,20.657142857142855,13.799999999999999,27.542857142857144,0.39999999999999997,0.0,186.0,10.9,,1019.0714285714286,
2013-06-04,23.814285714285713,18.485714285714288,29.228571428571428,1.9714285714285715,0.0,169.5,12.87142857142857,,1015.9714285714286,
2013-06-11,22.900000000000002,18.642857142857142,29.2,8.328571428571427,0.0,,7.128571428571428,,1012.9,
2013-06-18,25.642857142857142,19.87142857142857,31.185714285714287,2.8714285714285714,0.0,280.0,10.22857142857143,,1014.5428571428572,
2013-06-25,25.557142857142857,19.685714285714287,32.457142857142856,3.1142857142857143,0.0,,7.542857142857143,,1019.0571428571428,
2013-07-02,25.8,19.914285714285715,31.74285714285714,0.04285714285714286,0.0,219.0,9.557142857142859,,1009.5714285714286,
2013-07-09,23.82857142857143,19.900000000000002,28.571428571428573,14.5,0.0,,6.985714285714286,,1018.9166666666666,
2013-07-16,26.2,20.942857142857143,32.385714285714286,3.3714285714285714,0.0,72.5,9.62857142857143,,1018.2714285714285,
2013-07-23,27.057142857142857,22.214285714285715,32.84285714285714,4.257142857142857,0.0,,8.2,,1016.9333333333334,
2013-07-30,23.714285714285715,17.87142857142857,29.857142857142858,1.2714285714285716,0.0,,7.2,,1016.7285714285714,
2013-08-06,24.25714285714286,19.857142857142858,29.7,0.9857142857142857,0.0,,6.6000000000000005,,1016.3666666666667,
2013-08-13,25.47142857142857,22.228571428571428,30.157142857142855,4.442857142857143,0.0,,7.714285714285714,,1016.1857142857143,
2013-08-20,22.771428571428572,18.714285714285715,27.614285714285717,0.8857142857142856,0.0,25.0,7.314285714285715,,1018.657142857143,
2013-08-27,25.5,20.08571428571429,31.900000000000002,1.342857142857143,0.0,,5.385714285714286,,1020.6999999999999,
2013-09-03,26.8,21.75714285714286,32.871428571428574,1.957142857142857,0.0,,7.3999999999999995,,1013.7142857142857,
2013-09-10,24.82857142857143,18.814285714285713,32.214285714285715,5.6571428571428575,0.0,,5.714285714285714,,1018.5500000000001,
2013-09-17,21.585714285714285,15.857142857142858,28.542857142857144,1.1142857142857143,0.0,0.0,7.814285714285715,,1018.6857142857143,
2013-09-24,21.457142857142856,15.4,27.928571428571427,7.1000000000000005,0.0,,9.157142857142857,,1014.8714285714286,
2013-10-01,20.428571428571427,15.485714285714286,26.428571428571427,0.7285714285714285,0.0,,6.128571428571428,,1016.5285714285714,
2013-10-08,20.857142857142858,15.228571428571428,26.52857142857143,3.9285714285714284,0.0,37.0,8.585714285714285,,1017.3000000000001,
2013-10-15,19.5,13.557142857142859,26.75714285714286,0.0,0.0,,5.757142857142857,,1019.9333333333334,
2013-10-22,13.014285714285714,7.285714285714286,18.485714285714288,1.5571428571428572,0.0,,6.628571428571428,,1016.6333333333333,
2013-10-29,10.299999999999999,4.957142857142857,15.971428571428572,0.04285714285714286,0.0,,6.371428571428572,,1022.657142857143,
2013-11-05,14.62857142857143,8.571428571428571,20.5,2.9714285714285715,0.0,,11.271428571428572,,1018.9714285714286,
2013-11-12,9.87142857142857,1.6142857142857143,17.442857142857143,1.342857142857143,0.0,211.0,11.1,,1025.8428571428572,
2013-11-19,9.328571428571427,4.171428571428572,14.928571428571429,4.314285714285714,0.0,129.33333333333334,12.614285714285714,,1022.8000000000001,
2013-11-26,5.857142857142857,0.3714285714285715,10.085714285714285,3.5142857142857147,0.0,130.66666666666666,14.299999999999999,,1026.6166666666666,
2013-12-03,4.742857142857143,-0.27142857142857146,10.785714285714286,0.0,0.0,,8.6,,1022.4142857142857,
2013-12-10,5.757142857142857,1.2428571428571427,9.142857142857142,18.5,0.0,123.25,14.714285714285714,,1023.1200000000001,
2013-12-17,2.442857142857143,-3.185714285714286,8.642857142857142,2.042857142857143,0.0,231.0,9.857142857142858,,1024.2285714285715,
2013-12-24,9.257142857142856,3.471428571428571,13.428571428571429,5.3,0.0,235.66666666666666,16.357142857142858,,1020.842857142857,
2013-12-31,1.8857142857142857,-3.8142857142857145,8.185714285714287,3.114285714285714,0.0,,5.6571428571428575,,1026.1571428571428,
2014-01-07,-2.6857142857142855,-9.757142857142856,3.7714285714285714,2.2142857142857144,0.0,252.5,15.4,,1028.1399999999999,
2014-01-14,6.428571428571429,1.4428571428571428,11.642857142857142,7.071428571428571,0.0,177.0,12.442857142857141,,1022.0799999999999,
2014-01-21,2.657142857142857,-4.285714285714286,8.642857142857142,0.15714285714285717,0.0,317.0,13.314285714285715,,1016.342857142857,
2014-01-28,-3.7714285714285714,-10.228571428571428,3.2285714285714286,0.04285714285714286,0.0,305.0,15.214285714285714,,1023.5714285714286,
2014-02-04,1.3714285714285717,-3.442857142857143,7.557142857142857,13.557142857142859,0.0,154.33333333333334,14.057142857142859,,1021.2714285714285,
2014-02-11,-1.3857142857142857,-5.142857142857143,2.257142857142857,0.04285714285714286,0.0,168.25,12.228571428571428,,1025.6833333333334,
2014-02-18,3.642857142857143,-2.9142857142857146,11.342857142857143,1.8571428571428572,0.0,286.0,11.257142857142856,,1016.0666666666666,
2014-02-25,10.642857142857142,3.2142857142857144,17.142857142857142,3.0142857142857147,0.0,186.0,14.700000000000001,,1017.1714285714286,
2014-03-04,1.9142857142857144,-4.128571428571428,8.342857142857143,8.742857142857142,0.0,16.0,13.299999999999999,,1020.9666666666667,
2014-03-11,8.0,1.2428571428571427,17.0,0.0,0.0,195.0,8.585714285714285,,1017.0666666666666,
2014-03-18,8.6,1.842857142857143,14.528571428571428,2.6571428571428575,0.0,172.66666666666666,14.914285714285715,,1014.3833333333333,
2014-03-25,9.571428571428571,2.5571428571428574,15.457142857142857,0.7,0.0,304.0,14.071428571428571,,1019.5,
2014-04-01,11.385714285714286,5.3428571428571425,18.971428571428568,3.742857142857143,0.0,175.0,13.228571428571428,,1019.85,
2014-04-08,15.057142857142859,8.571428571428571,20.885714285714283,7.228571428571429,0.0,214.5,13.742857142857144,,1014.0166666666668,
2014-04-15,16.47142857142857,8.828571428571427,22.557142857142857,2.7857142857142856,0.0,223.6,17.685714285714287,,1016.5428571428572,
2014-04-22,15.557142857142859,7.942857142857143,23.599999999999998,0.08571428571428572,0.0,,8.528571428571428,,1020.8857142857142,
2014-04-29,18.157142857142855,10.385714285714286,25.314285714285713,16.357142857142858,0.0,,11.842857142857143,,1012.0600000000001,
2014-05-06,18.142857142857142,10.328571428571427,25.785714285714285,0.0,0.0,,10.6,,1013.7571428571429,
2014-05-13,23.514285714285712,17.614285714285714,29.542857142857144,0.39999999999999997,0.0,187.0,13.114285714285716,,1016.6285714285714,
2014-05-20,16.485714285714288,10.62857142857143,22.3,6.385714285714285,0.0,197.0,10.214285714285714,,1020.1833333333334,
2014-05-27,24.057142857142857,18.228571428571428,30.557142857142857,1.4142857142857141,0.0,,8.657142857142857,,1018.1714285714286,
2014-06-03,24.671428571428574,20.0,30.714285714285715,0.7571428571428571,0.0,187.0,9.157142857142857,,1017.657142857143,
2014-06-10,23.3,19.185714285714287,27.8,13.257142857142856,0.0,178.0,9.87142857142857,,1012.8833333333333,
2014-06-17,24.157142857142855,18.014285714285712,30.699999999999996,1.4428571428571428,0.0,,8.328571428571427,,1015.157142857143,
2014-06-24,26.957142857142856,21.67142857142857,33.55714285714286,1.8142857142857145,0.0,198.0,7.142857142857143,,1015.3571428571429,
2014-07-01,26.17142857142857,21.37142857142857,31.74285714285714,5.014285714285714,0.0,,6.885714285714286,,1016.6285714285714,
2014-07-08,24.9,18.32857142857143,31.271428571428572,0.04285714285714286,0.0,285.0,9.87142857142857,,1017.8571428571429,
2014-07-15,26.75714285714286,20.24285714285714,32.77142857142857,1.6,0.0,,7.357142857142857,,1016.6999999999999,
2014-07-22,22.785714285714285,18.014285714285712,28.32857142857143,5.114285714285714,0.0,,5.814285714285715,,1017.3285714285714,
2014-07-29,25.642857142857142,19.514285714285712,31.099999999999998,1.157142857142857,0.0,323.0,10.200000000000001,,1015.7428571428571,
2014-08-05,24.685714285714287,17.37142857142857,31.757142857142856,0.0,0.0,,5.585714285714286,,1017.8285714285714,
2014-08-12,26.400000000000002,21.428571428571427,32.857142857142854,8.2,0.0,,8.485714285714286,,1013.9833333333332,
2014-08-19,24.24285714285714,18.971428571428568,30.157142857142855,3.042857142857143,0.0,,6.128571428571428,,1014.6714285714286,
2014-08-26,27.428571428571427,22.542857142857144,33.885714285714286,2.028571428571429,0.0,,6.628571428571428,,1016.3142857142857,
2014-09-02,26.485714285714288,21.771428571428572,32.357142857142854,7.257142857142858,0.0,,8.928571428571429,,1016.5500000000001,
2014-09-09,24.67142857142857,20.542857142857144,30.857142857142858,0.0,0.0,,5.828571428571429,,1017.6999999999999,
2014-09-16,21.17142857142857,16.37142857142857,25.8,0.07142857142857142,0.0,64.0,10.714285714285714,,1019.1714285714286,
2014-09-23,20.614285714285717,14.514285714285714,27.38571428571429,0.0,0.0,14.0,8.885714285714286,,1018.1285714285714,
2014-09-30,21.714285714285715,14.5,29.428571428571427,0.0,0.0,,4.771428571428571,,1019.4571428571428,
2014-10-07,18.557142857142857,10.87142857142857,25.542857142857144,3.8428571428571425,0.0,207.5,12.928571428571429,,1012.9714285714286,
2014-10-14,19.485714285714288,15.457142857142857,24.285714285714285,23.142857142857142,0.0,186.0,11.299999999999999,,1014.9428571428572,
2014-10-21,13.87142857142857,8.257142857142856,19.785714285714285,0.5857142857142856,0.0,249.0,8.714285714285714,,1015.342857142857,
2014-10-28,15.914285714285715,8.9,23.957142857142856,1.957142857142857,0.0,104.5,8.328571428571427,,1018.5857142857143,
2014-11-04,9.714285714285714,3.414285714285714,16.52857142857143,1.0571428571428572,0.0,340.0,10.185714285714285,,1023.7571428571429,
2014-11-11,10.985714285714286,3.8857142857142857,17.0,4.728571428571429,0.0,,10.285714285714286,,1017.5571428571428,
2014-11-18,0.8571428571428571,-3.1142857142857143,4.285714285714286,5.299999999999999,0.0,234.0,12.242857142857144,,1024.8857142857144,
2014-11-25,7.942857142857143,1.3857142857142857,13.885714285714286,1.8857142857142857,0.0,151.0,13.014285714285714,,1021.3000000000001,
2014-12-02,7.628571428571428,2.4857142857142853,12.457142857142857,1.2714285714285716,0.0,192.0,13.4,,1024.0833333333333,
2014-12-09,8.77142857142857,5.485714285714286,12.457142857142857,4.185714285714286,0.0,189.5,11.485714285714286,,1025.74,
2014-12-16,4.871428571428572,-0.48571428571428577,9.528571428571428,0.14285714285714285,0.0,302.0,7.328571428571428,,1023.0857142857143,
2014-12-23,5.228571428571429,2.0285714285714285,8.657142857142857,3.2857142857142856,0.0,153.0,9.299999999999999,,1019.7714285714285,
2014-12-30,6.514285714285714,2.7285714285714286,10.228571428571428,3.0285714285714285,0.0,2.0,11.414285714285713,,1021.2571428571429,
2015-01-06,-0.95,-4.9,3.05,0.0,0.0,,5.75,,1031.1,
